length,width,shape
47,22,rectangle
99,27,rectangle
12,19,rectangle
52,73,rectangle
4,21,rectangle
35,35,square
80,80,square
92,6,rectangle
35,35,square
42,67,rectangle
16,52,rectangle
80,48,rectangle
52,45,rectangle
12,12,square
58,94,rectangle
40,40,square
1,1,square
9,9,square
7,7,square
4,4,square
67,83,rectangle
34,75,rectangle
36,36,square
42,77,rectangle
83,78,rectangle
46,70,rectangle
91,20,rectangle
21,28,rectangle
34,34,square
40,40,square
43,85,rectangle
49,100,rectangle
100,59,rectangle
19,19,square
39,88,rectangle
17,58,rectangle
28,28,square
72,49,rectangle
78,78,square
35,35,square
3,3,square
60,60,square
20,5,rectangle
41,41,square
47,78,rectangle
25,25,square
28,28,square
23,92,rectangle
30,30,square
47,47,square
6,27,rectangle
80,80,square
14,45,rectangle
21,11,rectangle
88,88,square
22,7,rectangle
27,38,rectangle
25,57,rectangle
60,95,rectangle
45,45,square
83,77,rectangle
76,76,square
22,34,rectangle
51,75,rectangle
19,19,square
50,67,rectangle
11,11,square
91,83,rectangle
80,12,rectangle
38,90,rectangle
34,34,square
94,19,rectangle
66,66,square
95,95,square
61,77,rectangle
58,58,square
75,75,square
99,99,square
100,100,square
78,12,rectangle
56,21,rectangle
6,24,rectangle
64,78,rectangle
89,89,square
34,50,rectangle
74,74,square
70,28,rectangle
4,14,rectangle
89,40,rectangle
11,69,rectangle
40,40,square
80,8,rectangle
32,50,rectangle
48,64,rectangle
31,31,square
29,55,rectangle
2,2,square
68,28,rectangle
2,12,rectangle
24,20,rectangle
2,2,square
22,15,rectangle
46,86,rectangle
1,62,rectangle
39,39,square
13,13,square
30,55,rectangle
41,41,square
21,90,rectangle
51,51,square
59,59,square
14,14,square
66,66,square
1,3,rectangle
3,3,square
48,48,square
60,27,rectangle
15,92,rectangle
83,91,rectangle
94,54,rectangle
83,10,rectangle
98,34,rectangle
65,20,rectangle
67,67,square
31,31,square
93,93,square
47,47,square
21,39,rectangle
56,65,rectangle
76,76,square
98,98,square
10,6,rectangle
97,97,square
96,96,square
11,11,square
7,36,rectangle
26,26,square
28,60,rectangle
27,27,square
48,60,rectangle
46,46,square
20,52,rectangle
66,13,rectangle
45,45,square
60,94,rectangle
43,48,rectangle
68,9,rectangle
7,7,square
40,74,rectangle
90,48,rectangle
39,94,rectangle
5,33,rectangle
82,18,rectangle
98,98,square
32,32,square
21,11,rectangle
64,52,rectangle
14,14,square
14,14,square
48,48,square
97,79,rectangle
55,80,rectangle
25,29,rectangle
72,99,rectangle
69,69,square
17,28,rectangle
53,49,rectangle
3,29,rectangle
88,55,rectangle
18,18,square
43,18,rectangle
78,78,square
86,13,rectangle
41,11,rectangle
57,57,square
19,5,rectangle
87,87,square
100,53,rectangle
77,80,rectangle
18,36,rectangle
24,24,square
26,26,square
3,66,rectangle
32,83,rectangle
12,12,square
31,31,square
9,9,square
65,64,rectangle
9,91,rectangle
78,78,square
61,54,rectangle
28,78,rectangle
18,18,square
34,53,rectangle
36,41,rectangle
35,35,square
23,42,rectangle
29,29,square
81,45,rectangle
95,22,rectangle
64,64,square
47,47,square
88,88,square
60,60,square
93,14,rectangle
28,28,square
19,27,rectangle
24,31,rectangle
33,94,rectangle
54,54,square
37,37,square
61,3,rectangle
35,27,rectangle
45,45,square
47,47,square
64,30,rectangle
65,65,square
87,87,square
29,54,rectangle
49,52,rectangle
64,1,rectangle
73,51,rectangle
17,30,rectangle
66,70,rectangle
28,28,square
45,45,square
54,54,square
18,18,square
68,86,rectangle
13,5,rectangle
100,21,rectangle
47,47,square
28,28,square
83,72,rectangle
98,98,square
30,30,square
81,64,rectangle
83,77,rectangle
39,39,square
67,82,rectangle
80,99,rectangle
16,16,square
59,40,rectangle
76,56,rectangle
95,95,square
68,68,square
51,51,square
41,14,rectangle
89,89,square
12,12,square
4,4,square
56,56,square
31,31,square
90,77,rectangle
81,92,rectangle
60,25,rectangle
78,78,square
71,53,rectangle
95,67,rectangle
62,62,square
82,82,square
66,28,rectangle
18,37,rectangle
95,58,rectangle
17,99,rectangle
6,95,rectangle
100,100,square
70,64,rectangle
90,90,square
58,89,rectangle
15,15,square
80,53,rectangle
65,89,rectangle
85,3,rectangle
57,57,square
63,63,square
47,91,rectangle
38,67,rectangle
88,88,square
42,8,rectangle
46,46,square
51,87,rectangle
92,45,rectangle
43,43,square
54,54,square
99,99,square
64,51,rectangle
70,2,rectangle
46,46,square
20,20,square
12,24,rectangle
50,50,square
87,54,rectangle
48,41,rectangle
58,11,rectangle
16,16,square
78,78,square
49,49,square
3,3,square
48,90,rectangle
92,92,square
57,57,square
58,58,square
39,39,square
23,39,rectangle
22,100,rectangle
55,55,square
2,21,rectangle
4,4,square
22,22,square
39,68,rectangle
85,51,rectangle
91,10,rectangle
40,40,square
27,27,square
79,94,rectangle
55,1,rectangle
61,61,square
65,65,square
65,70,rectangle
59,67,rectangle
24,24,square
51,90,rectangle
52,52,square
59,59,square
57,57,square
58,58,square
2,2,square
86,57,rectangle
59,37,rectangle
95,95,square
39,39,square
42,42,square
50,50,square
96,74,rectangle
76,76,square
23,48,rectangle
1,24,rectangle
45,45,square
32,46,rectangle
72,43,rectangle
28,28,square
28,65,rectangle
84,84,square
35,2,rectangle
50,86,rectangle
60,60,square
75,28,rectangle
88,88,square
23,23,square
64,48,rectangle
94,94,square
16,16,square
33,33,square
32,98,rectangle
76,36,rectangle
1,1,square
68,68,square
70,70,square
56,15,rectangle
43,62,rectangle
81,74,rectangle
71,94,rectangle
94,94,square
20,26,rectangle
72,72,square
67,68,rectangle
70,96,rectangle
54,53,rectangle
85,75,rectangle
70,82,rectangle
4,4,square
13,67,rectangle
34,92,rectangle
23,23,square
86,86,square
95,95,square
94,31,rectangle
78,32,rectangle
30,30,square
100,84,rectangle
47,28,rectangle
44,69,rectangle
43,4,rectangle
58,58,square
65,57,rectangle
90,94,rectangle
97,97,square
21,50,rectangle
88,88,square
72,72,square
44,44,square
43,11,rectangle
26,15,rectangle
98,98,square
75,40,rectangle
31,94,rectangle
97,71,rectangle
26,70,rectangle
26,1,rectangle
37,53,rectangle
45,45,square
8,8,square
47,99,rectangle
93,93,square
43,31,rectangle
6,6,square
38,38,square
49,49,square
6,6,square
63,63,square
88,51,rectangle
78,63,rectangle
78,78,square
20,80,rectangle
83,83,square
25,25,square
34,34,square
23,23,square
45,50,rectangle
32,32,square
55,31,rectangle
91,98,rectangle
53,53,square
21,56,rectangle
77,61,rectangle
31,54,rectangle
48,48,square
53,86,rectangle
98,78,rectangle
91,58,rectangle
58,94,rectangle
78,35,rectangle
56,57,rectangle
3,3,square
44,44,square
54,9,rectangle
13,2,rectangle
48,48,square
57,65,rectangle
24,24,square
59,59,square
51,51,square
65,65,square
27,99,rectangle
32,32,square
3,12,rectangle
92,92,square
5,5,square
67,67,square
68,52,rectangle
1,70,rectangle
26,65,rectangle
31,77,rectangle
2,88,rectangle
14,14,square
67,67,square
6,6,square
20,20,square
54,20,rectangle
52,52,square
20,20,square
96,3,rectangle
53,10,rectangle
93,93,square
23,23,square
58,85,rectangle
72,72,square
19,19,square
69,37,rectangle
53,52,rectangle
9,9,square
50,87,rectangle
40,71,rectangle
87,3,rectangle
63,63,square
12,12,square
96,96,square
51,87,rectangle
50,51,rectangle
33,33,square
21,8,rectangle
52,52,square
48,65,rectangle
2,67,rectangle
11,11,square
63,63,square
88,89,rectangle
83,83,square
37,37,square
9,89,rectangle
72,72,square
55,59,rectangle
27,27,square
64,60,rectangle
55,43,rectangle
64,64,square
51,51,square
63,63,square
84,84,square
19,19,square
100,89,rectangle
93,93,square
17,17,square
93,93,square
50,50,square
69,69,square
28,74,rectangle
100,86,rectangle
40,40,square
9,5,rectangle
84,84,square
25,25,square
8,93,rectangle
43,32,rectangle
8,33,rectangle
54,54,square
37,50,rectangle
75,61,rectangle
50,50,square
82,69,rectangle
22,90,rectangle
10,10,square
20,8,rectangle
44,44,square
74,47,rectangle
42,89,rectangle
71,71,square
67,55,rectangle
48,48,square
23,23,square
67,93,rectangle
100,72,rectangle
85,85,square
32,32,square
22,22,square
20,83,rectangle
26,28,rectangle
39,39,square
44,18,rectangle
65,65,square
22,83,rectangle
31,47,rectangle
20,20,square
79,79,square
47,68,rectangle
18,18,square
71,71,square
65,65,square
98,98,square
91,91,square
27,27,square
78,61,rectangle
71,71,square
8,8,square
51,82,rectangle
25,83,rectangle
81,81,square
69,69,square
2,51,rectangle
43,43,square
36,36,square
6,6,square
51,51,square
54,54,square
25,25,square
24,39,rectangle
2,43,rectangle
75,75,square
82,82,square
97,96,rectangle
88,88,square
73,27,rectangle
98,98,square
2,75,rectangle
43,43,square
26,59,rectangle
62,32,rectangle
40,23,rectangle
39,39,square
76,85,rectangle
79,89,rectangle
62,62,square
54,10,rectangle
96,96,square
12,12,square
90,75,rectangle
79,50,rectangle
100,100,square
98,98,square
98,98,square
67,39,rectangle
4,1,rectangle
65,65,square
83,83,square
22,2,rectangle
57,57,square
30,30,square
13,13,square
96,25,rectangle
69,69,square
89,65,rectangle
55,25,rectangle
66,66,square
87,87,square
27,45,rectangle
66,79,rectangle
61,61,square
46,57,rectangle
93,93,square
21,10,rectangle
15,54,rectangle
52,16,rectangle
93,93,square
2,81,rectangle
45,45,square
5,5,square
74,74,square
62,62,square
30,30,square
17,7,rectangle
13,48,rectangle
85,76,rectangle
52,52,square
44,75,rectangle
36,36,square
51,51,square
42,42,square
45,45,square
95,21,rectangle
84,3,rectangle
36,98,rectangle
11,23,rectangle
81,9,rectangle
50,59,rectangle
97,82,rectangle
88,27,rectangle
59,59,square
65,84,rectangle
71,8,rectangle
79,79,square
35,35,square
84,23,rectangle
90,59,rectangle
18,18,square
93,93,square
84,40,rectangle
57,57,square
35,35,square
11,94,rectangle
44,16,rectangle
62,32,rectangle
77,77,square
55,55,square
34,34,square
82,82,square
13,75,rectangle
34,34,square
19,19,square
30,30,square
82,55,rectangle
14,24,rectangle
46,46,square
97,97,square
14,14,square
11,11,square
74,74,square
6,6,square
55,26,rectangle
62,62,square
10,10,square
63,26,rectangle
8,79,rectangle
43,43,square
91,91,square
48,19,rectangle
14,81,rectangle
24,24,square
82,82,square
40,40,square
75,75,square
94,94,square
96,75,rectangle
21,21,square
71,71,square
23,23,square
10,68,rectangle
78,91,rectangle
53,53,square
50,50,square
54,46,rectangle
44,39,rectangle
37,17,rectangle
27,24,rectangle
3,3,square
73,73,square
91,83,rectangle
42,81,rectangle
82,82,square
16,15,rectangle
62,8,rectangle
95,95,square
94,94,square
45,45,square
76,76,square
12,12,square
37,8,rectangle
42,42,square
38,88,rectangle
20,100,rectangle
84,59,rectangle
66,66,square
17,17,square
45,45,square
42,42,square
47,47,square
59,59,square
83,24,rectangle
73,73,square
74,95,rectangle
68,66,rectangle
56,56,square
20,17,rectangle
23,88,rectangle
50,27,rectangle
72,72,square
23,23,square
77,77,square
67,67,square
80,80,square
57,57,square
81,73,rectangle
70,25,rectangle
80,39,rectangle
94,94,square
76,70,rectangle
18,18,square
62,15,rectangle
29,80,rectangle
1,60,rectangle
30,30,square
88,88,square
88,88,square
36,36,square
68,79,rectangle
89,14,rectangle
4,4,square
59,39,rectangle
10,67,rectangle
46,82,rectangle
31,64,rectangle
16,16,square
62,90,rectangle
97,97,square
83,83,square
64,54,rectangle
31,30,rectangle
47,74,rectangle
9,19,rectangle
35,53,rectangle
45,33,rectangle
79,34,rectangle
91,91,square
64,64,square
81,95,rectangle
73,76,rectangle
71,71,square
70,70,square
49,39,rectangle
12,28,rectangle
51,100,rectangle
69,69,square
34,67,rectangle
67,75,rectangle
76,49,rectangle
79,21,rectangle
86,5,rectangle
73,73,square
84,53,rectangle
75,37,rectangle
58,54,rectangle
29,29,square
84,84,square
14,14,square
89,36,rectangle
11,11,square
46,46,square
60,18,rectangle
76,76,square
36,36,square
91,64,rectangle
99,99,square
45,17,rectangle
66,66,square
76,76,square
14,23,rectangle
87,87,square
47,30,rectangle
17,17,square
92,43,rectangle
34,34,square
44,44,square
20,20,square
53,53,square
43,43,square
16,83,rectangle
82,92,rectangle
96,96,square
64,64,square
99,69,rectangle
24,22,rectangle
32,18,rectangle
89,28,rectangle
10,10,square
26,26,square
63,9,rectangle
14,13,rectangle
75,83,rectangle
80,71,rectangle
48,48,square
21,21,square
11,11,square
85,85,square
52,52,square
43,56,rectangle
83,62,rectangle
95,95,square
49,49,square
41,41,square
22,82,rectangle
1,90,rectangle
36,15,rectangle
56,91,rectangle
60,31,rectangle
92,92,square
72,43,rectangle
63,63,square
23,23,square
5,5,square
54,54,square
93,55,rectangle
5,5,square
23,23,square
9,51,rectangle
26,26,square
2,2,square
30,66,rectangle
42,42,square
98,5,rectangle
35,35,square
68,68,square
73,84,rectangle
33,32,rectangle
86,86,square
97,33,rectangle
88,90,rectangle
88,88,square
48,3,rectangle
22,22,square
84,68,rectangle
69,16,rectangle
60,100,rectangle
72,38,rectangle
84,84,square
85,85,square
8,8,square
25,25,square
97,92,rectangle
91,91,square
62,42,rectangle
43,43,square
9,9,square
76,76,square
79,56,rectangle
51,51,square
86,86,square
50,44,rectangle
3,3,square
47,86,rectangle
32,66,rectangle
100,83,rectangle
28,28,square
48,48,square
53,53,square
20,20,square
76,76,square
47,47,square
62,94,rectangle
17,17,square
56,89,rectangle
69,48,rectangle
77,84,rectangle
39,51,rectangle
29,29,square
91,83,rectangle
34,89,rectangle
72,6,rectangle
65,65,square
35,69,rectangle
70,70,square
42,42,square
46,46,square
23,23,square
27,87,rectangle
35,8,rectangle
44,96,rectangle
19,19,square
85,85,square
61,61,square
10,10,square
62,62,square
55,41,rectangle
26,82,rectangle
34,63,rectangle
31,97,rectangle
85,52,rectangle
57,4,rectangle
19,19,square
98,44,rectangle
50,77,rectangle
51,51,square
38,38,square
60,60,square
19,86,rectangle
70,70,square
99,15,rectangle
3,3,square
66,13,rectangle
91,35,rectangle
43,30,rectangle
57,57,square
63,63,square
42,42,square
37,93,rectangle
84,49,rectangle
54,54,square
43,43,square
95,74,rectangle
34,13,rectangle
94,50,rectangle
88,40,rectangle
66,86,rectangle
41,41,square
78,19,rectangle
98,98,square
12,25,rectangle
41,33,rectangle
85,74,rectangle
80,80,square
60,47,rectangle
95,62,rectangle
21,21,square
78,15,rectangle
10,10,square
51,51,square
37,48,rectangle
50,95,rectangle
90,90,square
19,99,rectangle
44,18,rectangle
7,7,square
83,83,square
36,36,square
71,71,square
26,87,rectangle
19,19,square
80,46,rectangle
29,27,rectangle
63,79,rectangle
82,82,square
62,34,rectangle
7,7,square
57,73,rectangle
81,81,square
4,4,square
50,50,square
52,52,square
89,89,square
63,63,square
61,61,square
56,93,rectangle
29,29,square
83,75,rectangle
68,68,square
98,7,rectangle
99,99,square
89,54,rectangle
2,2,square
33,33,square
88,75,rectangle
54,87,rectangle
77,91,rectangle
67,87,rectangle
13,30,rectangle
94,94,square
27,27,square
51,51,square
98,98,square
71,71,square
100,100,square
29,29,square
41,41,square
57,45,rectangle
95,95,square
12,12,square
53,53,square
45,45,square
61,61,square
83,27,rectangle
94,68,rectangle
60,60,square
27,27,square
23,23,square
4,4,square
1,69,rectangle
42,42,square
72,72,square
56,19,rectangle
40,17,rectangle
27,27,square
63,62,rectangle
95,95,square
70,6,rectangle
87,28,rectangle
41,60,rectangle
95,95,square
51,51,square
57,57,square
23,23,square
18,8,rectangle
39,39,square
94,56,rectangle
8,8,square
70,88,rectangle
52,52,square
24,85,rectangle
65,65,square
47,74,rectangle
43,43,square
93,93,square
28,15,rectangle
75,58,rectangle
89,15,rectangle
24,15,rectangle
98,87,rectangle
20,20,square
53,14,rectangle
60,60,square
42,68,rectangle
99,99,square
12,12,square
49,37,rectangle
92,92,square
2,22,rectangle
30,30,square
33,84,rectangle
13,69,rectangle
95,97,rectangle
31,31,square
59,88,rectangle
5,49,rectangle
85,53,rectangle
59,59,square
63,85,rectangle
22,22,square
71,71,square
56,56,square
35,20,rectangle
29,29,square
92,92,square
44,21,rectangle
100,47,rectangle
65,65,square
2,9,rectangle
80,73,rectangle
90,90,square
96,44,rectangle
20,24,rectangle
6,6,square
48,99,rectangle
76,76,square
35,35,square
53,53,square
50,7,rectangle
75,26,rectangle
59,36,rectangle
75,96,rectangle
71,72,rectangle
86,86,square
44,23,rectangle
86,88,rectangle
25,25,square
58,2,rectangle
93,33,rectangle
64,49,rectangle
45,12,rectangle
35,35,square
89,89,square
21,21,square
54,13,rectangle
92,80,rectangle
81,81,square
80,80,square
10,26,rectangle
77,77,square
36,36,square
23,21,rectangle
25,81,rectangle
3,31,rectangle
29,29,square
88,88,square
45,45,square
51,18,rectangle
40,21,rectangle
81,61,rectangle
77,77,square
88,88,square
3,17,rectangle
28,58,rectangle
12,2,rectangle
20,69,rectangle
57,26,rectangle
71,56,rectangle
95,35,rectangle
93,54,rectangle
55,55,square
64,20,rectangle
72,91,rectangle
8,8,square
86,86,square
29,29,square
92,69,rectangle
13,46,rectangle
16,16,square
69,95,rectangle
3,3,square
43,43,square
25,57,rectangle
96,51,rectangle
48,48,square
9,99,rectangle
39,77,rectangle
33,57,rectangle
61,61,square
62,82,rectangle
9,9,square
87,28,rectangle
1,1,square
34,34,square
64,64,square
43,75,rectangle
6,57,rectangle
59,45,rectangle
24,89,rectangle
91,91,square
6,53,rectangle
62,62,square
32,33,rectangle
72,72,square
46,90,rectangle
62,62,square
7,36,rectangle
96,96,square
83,49,rectangle
54,56,rectangle
43,13,rectangle
85,85,square
17,17,square
63,63,square
62,33,rectangle
32,32,square
18,18,square
3,67,rectangle
71,71,square
42,42,square
67,44,rectangle
69,43,rectangle
62,40,rectangle
29,29,square
81,81,square
86,86,square
98,7,rectangle
83,83,square
9,9,square
64,64,square
3,20,rectangle
33,33,square
83,83,square
54,54,square
90,100,rectangle
96,86,rectangle
8,8,square
68,68,square
26,26,square
67,67,square
76,93,rectangle
3,3,square
42,42,square
26,86,rectangle
28,54,rectangle
89,59,rectangle
96,96,square
39,87,rectangle
75,33,rectangle
9,23,rectangle
90,48,rectangle
29,29,square
94,94,square
42,97,rectangle
92,92,square
23,86,rectangle
19,91,rectangle
62,62,square
54,46,rectangle
96,70,rectangle
13,93,rectangle
30,30,square
77,9,rectangle
52,52,square
59,59,square
60,74,rectangle
43,43,square
48,48,square
19,30,rectangle
64,64,square
45,44,rectangle
46,46,square
66,66,square
62,62,square
40,40,square
69,69,square
51,90,rectangle
74,74,square
91,86,rectangle
57,57,square
41,41,square
86,73,rectangle
86,7,rectangle
22,31,rectangle
66,80,rectangle
42,81,rectangle
34,34,square
85,85,square
38,4,rectangle
35,35,square
9,8,rectangle
73,73,square
13,13,square
69,69,square
25,25,square
1,1,square
25,25,square
99,24,rectangle
23,23,square
2,16,rectangle
47,47,square
52,39,rectangle
36,36,square
98,30,rectangle
50,50,square
3,84,rectangle
37,37,square
6,32,rectangle
3,13,rectangle
10,10,square
47,60,rectangle
100,23,rectangle
42,42,square
27,27,square
72,72,square
15,84,rectangle
35,57,rectangle
1,1,square
78,78,square
82,82,square
43,43,square
79,100,rectangle
67,75,rectangle
70,70,square
2,2,square
75,74,rectangle
68,68,square
77,12,rectangle
16,72,rectangle
73,73,square
47,47,square
4,4,square
80,59,rectangle
62,62,square
95,77,rectangle
10,10,square
52,52,square
18,38,rectangle
47,47,square
49,99,rectangle
46,46,square
30,72,rectangle
19,19,square
7,7,square
40,28,rectangle
86,5,rectangle
71,75,rectangle
92,18,rectangle
47,47,square
13,92,rectangle
38,38,square
22,22,square
11,51,rectangle
9,23,rectangle
56,54,rectangle
76,79,rectangle
49,54,rectangle
25,25,square
26,34,rectangle
32,32,square
3,1,rectangle
67,66,rectangle
100,100,square
34,34,square
82,12,rectangle
100,10,rectangle
35,35,square
77,77,square
96,26,rectangle
99,99,square
57,24,rectangle
91,30,rectangle
97,12,rectangle
38,20,rectangle
42,8,rectangle
2,2,square
10,9,rectangle
27,27,square
42,93,rectangle
91,11,rectangle
83,83,square
74,74,square
92,57,rectangle
97,44,rectangle
9,76,rectangle
90,90,square
79,79,square
90,37,rectangle
42,67,rectangle
16,16,square
45,94,rectangle
17,94,rectangle
41,70,rectangle
10,86,rectangle
16,16,square
46,42,rectangle
66,11,rectangle
56,56,square
41,41,square
77,81,rectangle
60,60,square
44,83,rectangle
77,77,square
85,86,rectangle
57,89,rectangle
85,73,rectangle
72,41,rectangle
1,89,rectangle
81,82,rectangle
82,82,square
84,90,rectangle
96,96,square
72,20,rectangle
2,68,rectangle
9,15,rectangle
49,49,square
57,57,square
6,38,rectangle
41,42,rectangle
54,54,square
40,40,square
94,48,rectangle
4,4,square
60,80,rectangle
15,15,square
7,7,square
37,14,rectangle
94,93,rectangle
20,20,square
76,31,rectangle
68,39,rectangle
78,6,rectangle
77,87,rectangle
51,61,rectangle
96,96,square
16,86,rectangle
96,96,square
47,47,square
42,65,rectangle
57,11,rectangle
38,38,square
58,35,rectangle
83,51,rectangle
28,28,square
6,6,square
84,55,rectangle
34,13,rectangle
33,64,rectangle
82,96,rectangle
81,81,square
67,9,rectangle
36,82,rectangle
90,86,rectangle
20,68,rectangle
10,70,rectangle
5,46,rectangle
87,87,square
73,44,rectangle
28,15,rectangle
99,78,rectangle
71,71,square
93,78,rectangle
13,13,square
11,35,rectangle
95,35,rectangle
10,10,square
100,59,rectangle
13,13,square
45,28,rectangle
88,82,rectangle
48,53,rectangle
43,43,square
19,19,square
85,46,rectangle
94,28,rectangle
67,67,square
56,56,square
4,4,square
100,100,square
98,77,rectangle
20,47,rectangle
36,83,rectangle
5,5,square
82,82,square
36,19,rectangle
92,19,rectangle
65,77,rectangle
72,72,square
3,3,square
78,78,square
19,68,rectangle
76,76,square
15,1,rectangle
65,65,square
42,42,square
37,37,square
64,64,square
22,92,rectangle
62,62,square
61,100,rectangle
75,62,rectangle
60,84,rectangle
66,66,square
53,12,rectangle
40,40,square
13,13,square
98,46,rectangle
20,20,square
92,92,square
20,57,rectangle
46,75,rectangle
85,85,square
52,57,rectangle
96,4,rectangle
86,86,square
100,28,rectangle
36,3,rectangle
15,9,rectangle
85,85,square
42,2,rectangle
3,34,rectangle
29,12,rectangle
8,52,rectangle
100,100,square
85,85,square
71,78,rectangle
54,54,square
97,68,rectangle
40,61,rectangle
68,68,square
17,14,rectangle
68,71,rectangle
97,27,rectangle
22,72,rectangle
76,41,rectangle
82,82,square
90,90,square
82,82,square
72,5,rectangle
24,96,rectangle
76,76,square
69,23,rectangle
1,1,square
52,5,rectangle
91,71,rectangle
24,24,square
58,58,square
32,32,square
95,95,square
36,36,square
55,64,rectangle
74,74,square
55,55,square
60,60,square
19,19,square
89,80,rectangle
77,15,rectangle
54,96,rectangle
68,15,rectangle
42,42,square
70,4,rectangle
92,61,rectangle
18,62,rectangle
62,62,square
69,69,square
17,17,square
61,61,square
5,4,rectangle
56,56,square
24,24,square
6,6,square
47,77,rectangle
99,69,rectangle
54,54,square
49,44,rectangle
87,87,square
21,84,rectangle
17,17,square
7,7,square
58,58,square
71,79,rectangle
64,64,square
85,68,rectangle
93,24,rectangle
71,62,rectangle
85,20,rectangle
71,19,rectangle
49,49,square
9,9,square
90,90,square
22,66,rectangle
76,24,rectangle
17,83,rectangle
6,18,rectangle
27,71,rectangle
93,93,square
1,73,rectangle
68,68,square
70,70,square
81,34,rectangle
68,68,square
85,85,square
72,72,square
54,54,square
31,31,square
16,16,square
4,4,square
13,38,rectangle
57,57,square
37,37,square
59,34,rectangle
84,84,square
37,22,rectangle
70,70,square
73,73,square
61,61,square
49,55,rectangle
7,48,rectangle
72,14,rectangle
25,50,rectangle
4,4,square
21,3,rectangle
98,98,square
28,82,rectangle
18,18,square
46,46,square
42,83,rectangle
58,58,square
33,33,square
28,78,rectangle
11,73,rectangle
84,84,square
26,26,square
7,58,rectangle
88,47,rectangle
54,55,rectangle
59,18,rectangle
26,84,rectangle
11,23,rectangle
35,54,rectangle
21,21,square
41,86,rectangle
84,18,rectangle
28,45,rectangle
65,65,square
93,93,square
82,82,square
89,3,rectangle
20,20,square
52,52,square
22,22,square
18,72,rectangle
52,52,square
20,20,square
31,49,rectangle
7,7,square
40,40,square
43,89,rectangle
10,34,rectangle
52,27,rectangle
8,63,rectangle
3,3,square
3,3,square
67,67,square
33,64,rectangle
76,28,rectangle
49,49,square
57,9,rectangle
95,95,square
100,100,square
71,71,square
44,51,rectangle
56,56,square
8,8,square
89,89,square
72,78,rectangle
92,44,rectangle
24,24,square
8,74,rectangle
68,100,rectangle
77,77,square
90,89,rectangle
44,52,rectangle
70,70,square
51,51,square
43,50,rectangle
5,46,rectangle
48,48,square
84,18,rectangle
75,74,rectangle
68,68,square
30,95,rectangle
35,35,square
9,9,square
43,43,square
85,85,square
84,3,rectangle
81,60,rectangle
29,11,rectangle
10,10,square
39,39,square
44,4,rectangle
46,55,rectangle
80,80,square
45,45,square
8,62,rectangle
54,54,square
29,29,square
47,47,square
30,29,rectangle
2,2,square
64,2,rectangle
18,18,square
49,84,rectangle
25,72,rectangle
32,96,rectangle
44,25,rectangle
98,98,square
64,64,square
69,69,square
5,62,rectangle
100,66,rectangle
74,68,rectangle
50,50,square
42,68,rectangle
48,48,square
78,47,rectangle
40,47,rectangle
62,62,square
79,43,rectangle
59,59,square
86,51,rectangle
6,6,square
84,84,square
25,25,square
15,15,square
13,31,rectangle
30,33,rectangle
78,78,square
23,23,square
19,13,rectangle
81,92,rectangle
92,92,square
94,94,square
74,74,square
38,77,rectangle
24,92,rectangle
76,85,rectangle
39,25,rectangle
87,79,rectangle
24,24,square
8,30,rectangle
13,31,rectangle
3,3,square
84,84,square
82,18,rectangle
12,65,rectangle
94,64,rectangle
53,39,rectangle
17,17,square
8,8,square
35,35,square
12,34,rectangle
36,10,rectangle
49,49,square
79,5,rectangle
57,18,rectangle
27,59,rectangle
32,28,rectangle
25,25,square
58,58,square
42,42,square
82,82,square
55,55,square
16,42,rectangle
49,97,rectangle
92,92,square
19,63,rectangle
52,17,rectangle
63,25,rectangle
7,65,rectangle
8,8,square
17,74,rectangle
98,11,rectangle
21,83,rectangle
85,45,rectangle
55,55,square
40,40,square
33,33,square
13,13,square
16,34,rectangle
40,31,rectangle
19,55,rectangle
31,31,square
66,67,rectangle
64,64,square
45,45,square
22,1,rectangle
67,6,rectangle
82,32,rectangle
67,67,square
95,95,square
48,34,rectangle
48,48,square
51,76,rectangle
4,48,rectangle
44,32,rectangle
48,48,square
1,1,square
3,71,rectangle
38,63,rectangle
84,84,square
95,95,square
82,82,square
60,9,rectangle
73,73,square
58,3,rectangle
85,85,square
14,92,rectangle
4,22,rectangle
53,96,rectangle
67,67,square
80,87,rectangle
74,84,rectangle
71,71,square
76,76,square
80,76,rectangle
52,3,rectangle
44,44,square
30,30,square
22,84,rectangle
14,74,rectangle
26,26,square
75,75,square
13,42,rectangle
40,88,rectangle
29,15,rectangle
6,91,rectangle
75,75,square
67,72,rectangle
9,9,square
42,42,square
14,14,square
64,64,square
52,27,rectangle
98,98,square
21,21,square
78,78,square
5,5,square
57,57,square
67,67,square
40,97,rectangle
50,70,rectangle
50,81,rectangle
100,100,square
12,12,square
75,19,rectangle
41,41,square
79,91,rectangle
1,84,rectangle
45,45,square
32,13,rectangle
55,55,square
96,93,rectangle
76,76,square
51,51,square
75,75,square
44,74,rectangle
57,45,rectangle
82,83,rectangle
7,7,square
90,90,square
21,21,square
38,6,rectangle
51,54,rectangle
63,14,rectangle
18,76,rectangle
85,85,square
9,38,rectangle
8,8,square
68,21,rectangle
46,13,rectangle
73,78,rectangle
32,77,rectangle
7,14,rectangle
2,2,square
89,96,rectangle
80,80,square
41,41,square
10,10,square
42,42,square
76,45,rectangle
73,73,square
79,45,rectangle
71,35,rectangle
81,27,rectangle
25,28,rectangle
84,96,rectangle
44,93,rectangle
47,55,rectangle
36,36,square
67,67,square
32,38,rectangle
74,74,square
9,9,square
35,34,rectangle
31,77,rectangle
62,59,rectangle
97,97,square
79,79,square
22,22,square
70,70,square
60,75,rectangle
3,51,rectangle
5,17,rectangle
12,12,square
41,14,rectangle
91,91,square
47,52,rectangle
18,18,square
74,74,square
55,55,square
94,54,rectangle
41,41,square
32,32,square
11,66,rectangle
61,61,square
29,5,rectangle
16,95,rectangle
57,38,rectangle
60,52,rectangle
87,87,square
51,93,rectangle
52,52,square
13,67,rectangle
85,83,rectangle
53,36,rectangle
72,51,rectangle
48,69,rectangle
8,37,rectangle
18,58,rectangle
13,2,rectangle
14,3,rectangle
82,48,rectangle
53,53,square
60,24,rectangle
2,2,square
95,89,rectangle
88,33,rectangle
76,32,rectangle
64,82,rectangle
43,87,rectangle
35,35,square
15,15,square
21,82,rectangle
12,12,square
68,68,square
62,62,square
52,3,rectangle
72,72,square
36,16,rectangle
47,47,square
27,13,rectangle
42,42,square
7,7,square
8,8,square
24,24,square
77,77,square
85,85,square
49,49,square
56,56,square
20,27,rectangle
24,72,rectangle
8,8,square
36,32,rectangle
3,3,square
5,67,rectangle
61,61,square
76,94,rectangle
20,20,square
21,45,rectangle
66,66,square
3,39,rectangle
38,38,square
44,44,square
45,45,square
33,33,square
44,13,rectangle
100,100,square
77,77,square
99,45,rectangle
95,95,square
52,52,square
58,45,rectangle
100,100,square
2,2,square
38,31,rectangle
62,88,rectangle
46,46,square
90,90,square
30,30,square
1,51,rectangle
91,93,rectangle
10,10,square
89,89,square
63,63,square
18,18,square
46,46,square
84,84,square
40,91,rectangle
93,10,rectangle
59,59,square
47,80,rectangle
34,19,rectangle
30,30,square
40,64,rectangle
15,82,rectangle
59,45,rectangle
80,55,rectangle
27,80,rectangle
92,24,rectangle
57,1,rectangle
19,70,rectangle
38,38,square
82,82,square
20,20,square
86,37,rectangle
80,80,square
89,73,rectangle
86,86,square
23,52,rectangle
19,19,square
29,68,rectangle
33,33,square
14,2,rectangle
11,85,rectangle
33,33,square
34,3,rectangle
10,10,square
10,10,square
96,96,square
11,11,square
25,25,square
83,52,rectangle
67,70,rectangle
84,78,rectangle
56,56,square
1,1,square
80,93,rectangle
90,90,square
91,83,rectangle
39,39,square
89,89,square
17,76,rectangle
46,46,square
19,13,rectangle
27,27,square
63,4,rectangle
44,44,square
31,31,square
15,15,square
13,75,rectangle
91,49,rectangle
24,24,square
10,21,rectangle
25,25,square
93,93,square
31,31,square
14,14,square
98,98,square
47,47,square
57,6,rectangle
86,100,rectangle
27,75,rectangle
10,19,rectangle
29,29,square
49,4,rectangle
66,43,rectangle
36,36,square
49,49,square
44,44,square
44,44,square
55,55,square
29,29,square
54,30,rectangle
80,80,square
47,81,rectangle
3,36,rectangle
91,98,rectangle
21,21,square
10,13,rectangle
69,69,square
4,29,rectangle
10,99,rectangle
58,41,rectangle
85,85,square
72,37,rectangle
49,49,square
46,46,square
13,33,rectangle
18,90,rectangle
38,90,rectangle
8,8,square
43,43,square
78,78,square
8,8,square
22,22,square
32,44,rectangle
42,93,rectangle
73,73,square
88,88,square
66,40,rectangle
75,3,rectangle
38,52,rectangle
100,26,rectangle
68,68,square
55,55,square
62,23,rectangle
9,9,square
38,38,square
54,57,rectangle
5,5,square
35,35,square
26,26,square
47,64,rectangle
84,16,rectangle
37,8,rectangle
72,49,rectangle
29,29,square
34,34,square
6,10,rectangle
17,78,rectangle
83,26,rectangle
58,20,rectangle
21,21,square
37,37,square
37,37,square
88,88,square
44,44,square
41,70,rectangle
11,11,square
97,97,square
77,99,rectangle
52,52,square
36,93,rectangle
3,3,square
97,97,square
47,58,rectangle
53,53,square
36,27,rectangle
52,78,rectangle
11,11,square
88,54,rectangle
64,100,rectangle
18,18,square
85,85,square
78,53,rectangle
78,95,rectangle
65,65,square
5,5,square
88,88,square
76,76,square
78,78,square
43,100,rectangle
77,77,square
13,82,rectangle
82,16,rectangle
10,10,square
50,50,square
34,55,rectangle
82,82,square
55,10,rectangle
65,18,rectangle
57,66,rectangle
18,83,rectangle
43,44,rectangle
84,26,rectangle
23,23,square
31,31,square
81,81,square
100,100,square
33,56,rectangle
100,4,rectangle
44,31,rectangle
95,95,square
9,9,square
39,76,rectangle
47,47,square
6,6,square
68,68,square
41,41,square
50,78,rectangle
51,12,rectangle
2,2,square
7,7,square
87,87,square
15,15,square
51,51,square
94,71,rectangle
8,90,rectangle
43,67,rectangle
94,82,rectangle
25,25,square
19,100,rectangle
39,22,rectangle
66,69,rectangle
63,63,square
43,84,rectangle
39,81,rectangle
21,21,square
60,60,square
27,27,square
24,26,rectangle
77,77,square
79,22,rectangle
1,6,rectangle
3,9,rectangle
100,100,square
63,64,rectangle
40,40,square
55,90,rectangle
14,14,square
3,3,square
12,15,rectangle
17,10,rectangle
9,9,square
83,31,rectangle
77,83,rectangle
2,2,square
97,97,square
72,72,square
58,78,rectangle
42,42,square
73,73,square
52,87,rectangle
68,10,rectangle
45,66,rectangle
38,38,square
13,13,square
13,96,rectangle
58,58,square
30,30,square
71,71,square
8,8,square
94,94,square
26,98,rectangle
28,28,square
67,73,rectangle
89,89,square
8,39,rectangle
93,93,square
70,54,rectangle
48,48,square
4,4,square
89,82,rectangle
42,42,square
47,49,rectangle
37,5,rectangle
82,41,rectangle
66,66,square
8,51,rectangle
94,94,square
18,18,square
13,13,square
6,6,square
28,43,rectangle
25,93,rectangle
37,37,square
22,22,square
5,5,square
52,52,square
89,30,rectangle
98,69,rectangle
76,82,rectangle
72,23,rectangle
78,78,square
36,36,square
26,24,rectangle
75,94,rectangle
57,39,rectangle
13,13,square
54,54,square
61,61,square
74,74,square
13,13,square
50,50,square
42,42,square
50,58,rectangle
56,56,square
51,25,rectangle
62,62,square
61,61,square
24,24,square
91,91,square
43,82,rectangle
16,16,square
49,48,rectangle
11,89,rectangle
11,11,square
65,65,square
67,67,square
99,25,rectangle
51,84,rectangle
57,84,rectangle
23,23,square
79,81,rectangle
73,25,rectangle
27,95,rectangle
75,75,square
98,98,square
83,83,square
37,37,square
23,23,square
8,8,square
62,62,square
98,98,square
2,2,square
59,59,square
30,91,rectangle
5,5,square
30,30,square
27,27,square
46,11,rectangle
5,5,square
35,38,rectangle
58,58,square
83,96,rectangle
33,33,square
81,65,rectangle
80,77,rectangle
51,68,rectangle
30,26,rectangle
95,95,square
2,80,rectangle
15,15,square
79,42,rectangle
60,60,square
24,24,square
94,94,square
63,31,rectangle
72,72,square
50,97,rectangle
91,91,square
5,43,rectangle
36,13,rectangle
28,68,rectangle
35,35,square
69,59,rectangle
49,60,rectangle
53,53,square
32,24,rectangle
15,35,rectangle
43,43,square
60,13,rectangle
25,37,rectangle
42,18,rectangle
17,77,rectangle
48,27,rectangle
14,57,rectangle
19,77,rectangle
92,92,square
92,41,rectangle
39,39,square
48,53,rectangle
88,88,square
58,58,square
18,18,square
50,59,rectangle
88,69,rectangle
36,76,rectangle
65,97,rectangle
55,55,square
85,85,square
85,85,square
59,68,rectangle
87,16,rectangle
42,42,square
40,43,rectangle
76,76,square
62,68,rectangle
47,79,rectangle
58,4,rectangle
78,23,rectangle
90,69,rectangle
75,55,rectangle
44,82,rectangle
58,58,square
43,43,square
33,33,square
82,82,square
64,64,square
57,57,square
35,14,rectangle
5,63,rectangle
15,15,square
7,7,square
66,66,square
16,16,square
62,62,square
75,99,rectangle
94,94,square
62,8,rectangle
89,58,rectangle
77,77,square
75,75,square
44,44,square
86,86,square
35,35,square
62,62,square
93,93,square
59,59,square
67,67,square
87,87,square
77,84,rectangle
30,22,rectangle
12,81,rectangle
44,44,square
57,57,square
5,68,rectangle
1,67,rectangle
80,6,rectangle
100,100,square
35,93,rectangle
15,15,square
62,17,rectangle
87,87,square
20,20,square
65,33,rectangle
45,52,rectangle
60,60,square
99,99,square
38,63,rectangle
64,36,rectangle
38,22,rectangle
79,7,rectangle
4,4,square
51,51,square
15,71,rectangle
43,72,rectangle
55,55,square
84,66,rectangle
90,7,rectangle
63,63,square
9,75,rectangle
45,44,rectangle
12,56,rectangle
100,100,square
40,40,square
38,38,square
9,78,rectangle
87,87,square
84,66,rectangle
100,100,square
37,32,rectangle
81,6,rectangle
81,81,square
30,33,rectangle
22,22,square
30,30,square
82,43,rectangle
19,19,square
12,78,rectangle
46,46,square
49,70,rectangle
54,6,rectangle
18,18,square
68,20,rectangle
62,62,square
61,61,square
44,15,rectangle
75,83,rectangle
64,64,square
50,96,rectangle
52,6,rectangle
10,83,rectangle
79,2,rectangle
7,7,square
86,5,rectangle
74,71,rectangle
44,4,rectangle
5,99,rectangle
67,25,rectangle
75,75,square
4,4,square
99,50,rectangle
89,89,square
63,29,rectangle
11,11,square
2,1,rectangle
46,55,rectangle
81,13,rectangle
11,96,rectangle
20,20,square
74,74,square
14,20,rectangle
39,39,square
82,56,rectangle
21,21,square
87,87,square
17,17,square
74,74,square
84,62,rectangle
56,25,rectangle
61,45,rectangle
32,32,square
52,43,rectangle
47,47,square
89,89,square
67,13,rectangle
83,83,square
50,51,rectangle
99,99,square
51,12,rectangle
8,8,square
14,14,square
72,18,rectangle
63,7,rectangle
17,17,square
38,38,square
92,92,square
91,100,rectangle
71,71,square
85,85,square
31,69,rectangle
31,52,rectangle
16,17,rectangle
3,3,square
90,95,rectangle
28,60,rectangle
61,61,square
36,71,rectangle
53,89,rectangle
81,81,square
55,55,square
16,43,rectangle
4,4,square
31,4,rectangle
68,68,square
59,23,rectangle
22,7,rectangle
55,55,square
78,78,square
49,49,square
33,97,rectangle
70,42,rectangle
32,32,square
24,22,rectangle
15,82,rectangle
40,40,square
35,80,rectangle
90,90,square
54,54,square
4,4,square
75,85,rectangle
90,90,square
27,56,rectangle
23,7,rectangle
21,21,square
19,19,square
57,5,rectangle
69,77,rectangle
70,55,rectangle
58,58,square
7,7,square
13,22,rectangle
64,31,rectangle
60,60,square
48,38,rectangle
59,4,rectangle
81,53,rectangle
33,11,rectangle
27,27,square
99,99,square
63,63,square
83,83,square
48,48,square
11,80,rectangle
45,45,square
2,2,square
66,66,square
67,67,square
76,76,square
79,55,rectangle
17,28,rectangle
43,30,rectangle
86,2,rectangle
30,30,square
98,98,square
22,9,rectangle
94,36,rectangle
58,58,square
33,33,square
67,67,square
74,74,square
22,22,square
98,91,rectangle
27,27,square
34,52,rectangle
76,55,rectangle
7,7,square
16,94,rectangle
75,75,square
76,47,rectangle
99,46,rectangle
1,1,square
57,32,rectangle
50,23,rectangle
74,74,square
69,37,rectangle
77,77,square
74,25,rectangle
48,48,square
88,88,square
66,66,square
62,62,square
61,61,square
76,76,square
95,95,square
18,57,rectangle
40,78,rectangle
17,98,rectangle
90,90,square
89,89,square
32,32,square
84,27,rectangle
6,6,square
27,27,square
73,60,rectangle
63,88,rectangle
48,74,rectangle
43,43,square
49,49,square
38,38,square
87,87,square
75,44,rectangle
32,17,rectangle
39,67,rectangle
97,97,square
89,89,square
74,74,square
87,87,square
30,30,square
89,48,rectangle
9,40,rectangle
7,7,square
95,95,square
86,86,square
95,95,square
7,7,square
8,20,rectangle
29,85,rectangle
45,45,square
12,12,square
96,45,rectangle
38,2,rectangle
29,29,square
7,31,rectangle
79,93,rectangle
30,74,rectangle
59,30,rectangle
16,3,rectangle
85,85,square
60,60,square
98,98,square
36,36,square
62,62,square
37,37,square
43,43,square
24,24,square
87,87,square
12,12,square
24,24,square
68,68,square
78,78,square
91,92,rectangle
49,19,rectangle
32,95,rectangle
16,16,square
23,48,rectangle
60,60,square
52,52,square
74,74,square
43,57,rectangle
3,27,rectangle
3,90,rectangle
95,95,square
54,65,rectangle
33,33,square
32,39,rectangle
14,2,rectangle
51,51,square
34,78,rectangle
23,23,square
25,68,rectangle
49,49,square
81,99,rectangle
65,59,rectangle
66,67,rectangle
14,30,rectangle
69,90,rectangle
52,45,rectangle
92,92,square
88,38,rectangle
100,100,square
41,41,square
3,36,rectangle
98,98,square
38,38,square
54,87,rectangle
25,25,square
64,59,rectangle
19,19,square
66,66,square
31,22,rectangle
10,72,rectangle
68,42,rectangle
90,90,square
32,54,rectangle
73,73,square
7,7,square
3,3,square
97,1,rectangle
60,24,rectangle
89,89,square
74,74,square
10,61,rectangle
74,74,square
21,11,rectangle
21,21,square
14,87,rectangle
14,10,rectangle
6,74,rectangle
60,60,square
53,99,rectangle
10,53,rectangle
4,53,rectangle
26,55,rectangle
53,69,rectangle
97,97,square
63,41,rectangle
95,95,square
32,32,square
7,81,rectangle
74,27,rectangle
44,44,square
64,100,rectangle
82,82,square
69,21,rectangle
15,18,rectangle
25,8,rectangle
19,19,square
52,46,rectangle
36,70,rectangle
70,70,square
33,33,square
65,83,rectangle
33,33,square
66,66,square
32,86,rectangle
18,18,square
39,39,square
84,37,rectangle
30,30,square
15,15,square
99,99,square
24,78,rectangle
1,38,rectangle
55,75,rectangle
5,5,square
86,86,square
79,75,rectangle
66,44,rectangle
9,9,square
72,33,rectangle
82,82,square
83,83,square
98,94,rectangle
76,46,rectangle
20,20,square
16,16,square
35,35,square
16,16,square
10,38,rectangle
85,81,rectangle
1,46,rectangle
69,69,square
37,37,square
50,23,rectangle
18,18,square
98,98,square
33,33,square
17,76,rectangle
9,9,square
35,35,square
5,96,rectangle
73,11,rectangle
8,21,rectangle
76,53,rectangle
22,22,square
50,70,rectangle
61,91,rectangle
37,47,rectangle
18,18,square
14,49,rectangle
8,8,square
83,95,rectangle
78,69,rectangle
43,51,rectangle
31,33,rectangle
6,90,rectangle
75,75,square
32,32,square
51,51,square
22,22,square
20,7,rectangle
35,35,square
73,73,square
82,82,square
69,69,square
10,10,square
64,7,rectangle
22,35,rectangle
1,75,rectangle
21,21,square
35,29,rectangle
57,59,rectangle
80,80,square
96,96,square
96,78,rectangle
6,87,rectangle
29,23,rectangle
88,66,rectangle
21,21,square
31,53,rectangle
51,51,square
23,23,square
61,61,square
97,27,rectangle
24,24,square
54,20,rectangle
86,86,square
37,37,square
25,25,square
33,7,rectangle
42,90,rectangle
49,94,rectangle
57,3,rectangle
79,79,square
88,72,rectangle
63,5,rectangle
73,73,square
46,89,rectangle
46,46,square
5,85,rectangle
100,100,square
15,15,square
57,77,rectangle
85,4,rectangle
12,12,square
40,35,rectangle
72,43,rectangle
31,48,rectangle
9,9,square
14,14,square
20,20,square
24,24,square
40,40,square
19,19,square
13,13,square
42,6,rectangle
7,5,rectangle
76,76,square
73,73,square
10,10,square
5,41,rectangle
8,59,rectangle
5,50,rectangle
23,69,rectangle
42,42,square
34,89,rectangle
11,11,square
11,11,square
48,48,square
21,21,square
36,40,rectangle
90,90,square
29,71,rectangle
95,63,rectangle
18,18,square
36,32,rectangle
13,13,square
65,65,square
28,28,square
46,46,square
42,42,square
68,17,rectangle
20,20,square
31,31,square
80,19,rectangle
98,98,square
24,95,rectangle
45,45,square
15,65,rectangle
90,90,square
22,22,square
73,73,square
25,37,rectangle
27,27,square
97,97,square
78,78,square
59,94,rectangle
97,97,square
48,48,square
96,96,square
51,51,square
76,15,rectangle
51,51,square
75,65,rectangle
60,60,square
17,60,rectangle
52,52,square
31,47,rectangle
7,7,square
40,68,rectangle
48,34,rectangle
58,70,rectangle
56,56,square
41,68,rectangle
62,62,square
5,62,rectangle
29,82,rectangle
51,64,rectangle
73,73,square
93,53,rectangle
67,67,square
67,67,square
72,72,square
51,46,rectangle
87,87,square
91,54,rectangle
14,86,rectangle
39,39,square
5,1,rectangle
100,100,square
35,35,square
5,12,rectangle
83,83,square
57,57,square
54,54,square
81,95,rectangle
12,67,rectangle
52,41,rectangle
28,10,rectangle
60,60,square
62,62,square
44,44,square
6,6,square
72,51,rectangle
25,25,square
20,73,rectangle
19,19,square
91,8,rectangle
49,49,square
5,5,square
19,95,rectangle
53,53,square
3,58,rectangle
35,35,square
61,61,square
10,10,square
16,49,rectangle
55,45,rectangle
87,87,square
2,29,rectangle
52,52,square
89,89,square
68,68,square
94,36,rectangle
1,97,rectangle
17,17,square
57,57,square
89,89,square
21,15,rectangle
2,61,rectangle
58,58,square
64,64,square
71,98,rectangle
62,62,square
100,29,rectangle
68,81,rectangle
44,67,rectangle
93,93,square
81,27,rectangle
42,12,rectangle
29,29,square
54,33,rectangle
4,4,square
38,76,rectangle
69,69,square
72,61,rectangle
44,98,rectangle
100,100,square
44,44,square
8,8,square
98,98,square
35,32,rectangle
84,94,rectangle
24,24,square
41,41,square
18,88,rectangle
76,69,rectangle
41,41,square
34,14,rectangle
49,49,square
95,6,rectangle
75,75,square
29,53,rectangle
75,64,rectangle
6,6,square
41,85,rectangle
42,36,rectangle
45,3,rectangle
18,18,square
52,13,rectangle
4,4,square
74,74,square
81,81,square
100,81,rectangle
93,94,rectangle
30,30,square
54,54,square
58,58,square
68,58,rectangle
14,14,square
91,71,rectangle
71,35,rectangle
89,89,square
59,59,square
4,55,rectangle
83,36,rectangle
17,17,square
83,83,square
68,68,square
33,22,rectangle
95,95,square
47,47,square
33,24,rectangle
47,23,rectangle
69,69,square
85,50,rectangle
45,50,rectangle
39,84,rectangle
17,17,square
20,20,square
54,14,rectangle
21,27,rectangle
9,36,rectangle
27,27,square
16,11,rectangle
1,1,square
80,64,rectangle
6,93,rectangle
46,15,rectangle
44,9,rectangle
29,29,square
22,88,rectangle
63,63,square
53,13,rectangle
94,27,rectangle
14,14,square
21,21,square
60,60,square
8,91,rectangle
1,31,rectangle
59,30,rectangle
72,31,rectangle
30,64,rectangle
82,82,square
51,40,rectangle
73,73,square
21,21,square
14,91,rectangle
66,28,rectangle
13,13,square
63,94,rectangle
49,49,square
19,6,rectangle
87,87,square
95,99,rectangle
58,14,rectangle
52,14,rectangle
86,35,rectangle
65,92,rectangle
88,31,rectangle
9,82,rectangle
49,49,square
2,2,square
54,31,rectangle
2,66,rectangle
60,60,square
32,36,rectangle
98,44,rectangle
82,82,square
97,97,square
22,22,square
73,73,square
21,50,rectangle
91,91,square
82,82,square
60,60,square
66,66,square
88,32,rectangle
45,21,rectangle
46,46,square
83,83,square
52,52,square
85,63,rectangle
33,7,rectangle
69,58,rectangle
58,100,rectangle
82,82,square
70,70,square
64,64,square
58,9,rectangle
60,42,rectangle
26,26,square
100,1,rectangle
83,66,rectangle
35,85,rectangle
91,34,rectangle
41,38,rectangle
82,82,square
51,55,rectangle
93,93,square
23,78,rectangle
70,70,square
70,24,rectangle
17,17,square
12,12,square
16,76,rectangle
95,79,rectangle
8,8,square
98,47,rectangle
3,3,square
12,12,square
53,34,rectangle
14,1,rectangle
74,39,rectangle
60,47,rectangle
49,49,square
4,4,square
42,42,square
62,62,square
43,43,square
46,18,rectangle
98,98,square
19,46,rectangle
35,4,rectangle
19,19,square
78,78,square
58,52,rectangle
98,47,rectangle
23,27,rectangle
3,3,square
89,94,rectangle
52,47,rectangle
87,28,rectangle
39,39,square
89,89,square
81,100,rectangle
65,26,rectangle
2,21,rectangle
34,10,rectangle
96,99,rectangle
94,21,rectangle
62,62,square
14,42,rectangle
54,86,rectangle
71,55,rectangle
59,15,rectangle
10,10,square
74,74,square
57,57,square
83,50,rectangle
31,71,rectangle
18,82,rectangle
1,53,rectangle
18,40,rectangle
66,22,rectangle
82,82,square
68,46,rectangle
9,9,square
83,80,rectangle
3,90,rectangle
27,73,rectangle
13,13,square
37,37,square
97,18,rectangle
6,91,rectangle
60,44,rectangle
65,71,rectangle
5,5,square
71,13,rectangle
89,89,square
27,27,square
84,84,square
71,71,square
42,71,rectangle
25,39,rectangle
52,15,rectangle
4,78,rectangle
10,10,square
6,6,square
13,15,rectangle
50,75,rectangle
41,53,rectangle
13,13,square
29,29,square
87,95,rectangle
33,35,rectangle
25,91,rectangle
93,64,rectangle
19,19,square
18,29,rectangle
70,70,square
81,99,rectangle
4,4,square
97,72,rectangle
70,70,square
70,70,square
4,4,square
45,45,square
98,98,square
43,21,rectangle
98,94,rectangle
85,85,square
97,86,rectangle
41,41,square
70,67,rectangle
59,24,rectangle
67,83,rectangle
71,71,square
45,30,rectangle
92,59,rectangle
97,97,square
24,66,rectangle
45,81,rectangle
63,63,square
51,51,square
28,60,rectangle
20,20,square
61,61,square
35,35,square
60,64,rectangle
89,82,rectangle
19,19,square
80,40,rectangle
90,88,rectangle
72,72,square
34,34,square
55,55,square
62,62,square
8,90,rectangle
13,54,rectangle
38,41,rectangle
78,31,rectangle
85,85,square
58,58,square
64,64,square
34,55,rectangle
14,14,square
23,23,square
63,63,square
81,52,rectangle
48,48,square
74,38,rectangle
29,59,rectangle
74,74,square
68,20,rectangle
32,2,rectangle
72,72,square
30,2,rectangle
80,35,rectangle
83,79,rectangle
50,39,rectangle
7,7,square
46,46,square
8,73,rectangle
81,81,square
26,85,rectangle
59,59,square
87,87,square
55,43,rectangle
81,7,rectangle
17,17,square
21,39,rectangle
48,79,rectangle
47,2,rectangle
28,28,square
38,38,square
61,35,rectangle
29,20,rectangle
70,17,rectangle
60,60,square
88,92,rectangle
88,58,rectangle
50,14,rectangle
9,9,square
48,39,rectangle
44,44,square
75,47,rectangle
1,1,square
3,7,rectangle
59,59,square
38,38,square
7,7,square
76,100,rectangle
87,62,rectangle
86,86,square
49,49,square
52,11,rectangle
5,5,square
21,18,rectangle
22,32,rectangle
58,93,rectangle
93,93,square
81,59,rectangle
39,66,rectangle
65,65,square
100,54,rectangle
82,82,square
64,64,square
9,9,square
46,58,rectangle
52,69,rectangle
20,22,rectangle
48,48,square
13,64,rectangle
44,74,rectangle
11,11,square
72,72,square
18,18,square
17,43,rectangle
45,45,square
21,21,square
16,3,rectangle
19,69,rectangle
73,73,square
10,56,rectangle
90,90,square
21,21,square
63,79,rectangle
22,64,rectangle
16,16,square
81,89,rectangle
17,67,rectangle
56,74,rectangle
66,33,rectangle
71,37,rectangle
80,56,rectangle
72,81,rectangle
68,68,square
20,44,rectangle
16,16,square
68,88,rectangle
11,11,square
36,36,square
35,35,square
93,41,rectangle
86,86,square
84,42,rectangle
46,46,square
48,24,rectangle
93,93,square
54,65,rectangle
56,58,rectangle
75,75,square
60,3,rectangle
65,65,square
30,30,square
65,65,square
71,25,rectangle
92,24,rectangle
18,18,square
60,60,square
29,29,square
80,59,rectangle
98,98,square
95,7,rectangle
34,34,square
19,34,rectangle
78,50,rectangle
60,60,square
70,70,square
87,87,square
67,53,rectangle
71,71,square
70,70,square
74,81,rectangle
17,17,square
38,45,rectangle
11,84,rectangle
19,88,rectangle
68,25,rectangle
1,1,square
33,33,square
44,44,square
53,98,rectangle
64,64,square
34,34,square
7,7,square
74,74,square
4,4,square
51,64,rectangle
42,7,rectangle
97,45,rectangle
63,63,square
85,3,rectangle
86,13,rectangle
64,64,square
99,48,rectangle
70,70,square
35,96,rectangle
62,62,square
60,60,square
29,82,rectangle
55,33,rectangle
15,15,square
73,73,square
77,20,rectangle
15,25,rectangle
40,40,square
41,41,square
51,51,square
29,29,square
99,100,rectangle
62,62,square
60,60,square
9,53,rectangle
6,6,square
4,97,rectangle
13,34,rectangle
41,99,rectangle
4,4,square
35,7,rectangle
13,75,rectangle
50,43,rectangle
17,98,rectangle
68,68,square
80,79,rectangle
14,15,rectangle
38,98,rectangle
47,47,square
16,16,square
23,23,square
38,52,rectangle
49,49,square
96,97,rectangle
45,19,rectangle
44,20,rectangle
39,39,square
76,23,rectangle
52,100,rectangle
82,66,rectangle
27,27,square
5,5,square
61,61,square
5,5,square
54,10,rectangle
11,11,square
48,48,square
76,76,square
8,47,rectangle
69,69,square
100,13,rectangle
86,86,square
62,62,square
89,94,rectangle
86,86,square
49,4,rectangle
41,41,square
35,35,square
39,39,square
49,49,square
27,27,square
69,69,square
63,8,rectangle
22,22,square
6,15,rectangle
16,16,square
92,92,square
76,32,rectangle
36,56,rectangle
31,92,rectangle
54,15,rectangle
62,19,rectangle
79,31,rectangle
53,53,square
31,25,rectangle
65,65,square
64,64,square
80,20,rectangle
71,64,rectangle
24,83,rectangle
7,86,rectangle
16,16,square
2,2,square
26,55,rectangle
78,78,square
25,25,square
59,59,square
3,3,square
80,88,rectangle
51,51,square
40,40,square
56,22,rectangle
51,64,rectangle
32,32,square
13,13,square
71,71,square
47,47,square
87,87,square
49,49,square
38,55,rectangle
61,16,rectangle
98,98,square
37,72,rectangle
79,79,square
75,97,rectangle
84,84,square
59,59,square
42,17,rectangle
28,28,square
78,78,square
9,9,square
91,49,rectangle
21,12,rectangle
74,72,rectangle
13,13,square
73,73,square
33,2,rectangle
26,26,square
48,65,rectangle
92,92,square
76,76,square
55,59,rectangle
76,27,rectangle
43,94,rectangle
59,48,rectangle
10,10,square
65,65,square
11,11,square
16,16,square
28,28,square
45,45,square
100,45,rectangle
95,92,rectangle
85,85,square
56,56,square
28,28,square
28,28,square
61,56,rectangle
70,70,square
49,49,square
23,22,rectangle
92,92,square
33,61,rectangle
13,13,square
92,39,rectangle
24,24,square
60,83,rectangle
8,8,square
52,52,square
73,34,rectangle
19,100,rectangle
92,92,square
91,91,square
22,22,square
92,13,rectangle
90,100,rectangle
84,84,square
70,70,square
97,26,rectangle
74,87,rectangle
90,18,rectangle
79,72,rectangle
28,82,rectangle
32,49,rectangle
21,21,square
38,74,rectangle
80,80,square
78,65,rectangle
31,31,square
57,57,square
12,8,rectangle
18,44,rectangle
93,93,square
55,67,rectangle
52,52,square
11,33,rectangle
68,43,rectangle
5,5,square
12,16,rectangle
10,10,square
30,22,rectangle
65,65,square
4,26,rectangle
66,66,square
48,48,square
25,25,square
3,3,square
51,51,square
54,78,rectangle
25,26,rectangle
37,37,square
53,61,rectangle
11,59,rectangle
90,97,rectangle
16,16,square
30,30,square
13,78,rectangle
35,54,rectangle
92,92,square
12,52,rectangle
62,23,rectangle
54,54,square
77,68,rectangle
14,79,rectangle
38,38,square
45,50,rectangle
89,17,rectangle
16,82,rectangle
37,59,rectangle
93,93,square
76,1,rectangle
24,83,rectangle
49,57,rectangle
85,70,rectangle
22,22,square
72,72,square
67,67,square
77,77,square
3,3,square
39,87,rectangle
84,84,square
55,55,square
8,46,rectangle
81,87,rectangle
97,97,square
100,31,rectangle
13,37,rectangle
61,61,square
5,52,rectangle
63,5,rectangle
14,14,square
51,87,rectangle
46,100,rectangle
30,77,rectangle
59,59,square
12,12,square
97,19,rectangle
25,25,square
70,70,square
9,9,square
68,63,rectangle
20,56,rectangle
37,90,rectangle
7,87,rectangle
5,34,rectangle
90,90,square
5,16,rectangle
93,62,rectangle
6,6,square
33,28,rectangle
22,94,rectangle
30,30,square
60,46,rectangle
63,63,square
48,84,rectangle
40,81,rectangle
60,60,square
69,69,square
53,28,rectangle
38,19,rectangle
87,3,rectangle
9,68,rectangle
41,41,square
55,96,rectangle
99,99,square
95,95,square
15,100,rectangle
6,81,rectangle
42,37,rectangle
8,86,rectangle
56,56,square
47,94,rectangle
42,42,square
72,74,rectangle
26,26,square
26,26,square
69,63,rectangle
50,50,square
97,97,square
91,85,rectangle
81,32,rectangle
49,49,square
68,74,rectangle
86,86,square
29,60,rectangle
46,44,rectangle
97,97,square
98,11,rectangle
26,26,square
12,59,rectangle
73,73,square
85,53,rectangle
36,36,square
97,97,square
36,10,rectangle
92,31,rectangle
73,73,square
3,3,square
25,25,square
91,91,square
37,37,square
4,26,rectangle
83,83,square
32,32,square
53,53,square
20,74,rectangle
61,91,rectangle
31,31,square
27,27,square
95,30,rectangle
14,62,rectangle
25,25,square
6,97,rectangle
46,46,square
8,8,square
69,69,square
48,97,rectangle
28,25,rectangle
67,67,square
24,24,square
90,39,rectangle
89,30,rectangle
100,100,square
93,2,rectangle
71,32,rectangle
7,7,square
69,34,rectangle
40,54,rectangle
91,61,rectangle
6,12,rectangle
70,20,rectangle
95,95,square
34,34,square
87,87,square
96,96,square
26,82,rectangle
75,75,square
17,17,square
27,56,rectangle
53,53,square
3,3,square
56,56,square
42,42,square
22,22,square
72,72,square
1,1,square
83,83,square
36,36,square
17,17,square
79,46,rectangle
69,25,rectangle
46,54,rectangle
94,90,rectangle
24,81,rectangle
38,20,rectangle
1,1,square
90,65,rectangle
49,49,square
28,28,square
75,75,square
93,93,square
56,56,square
78,50,rectangle
92,83,rectangle
86,86,square
63,87,rectangle
100,68,rectangle
27,27,square
77,77,square
35,35,square
59,59,square
36,36,square
82,19,rectangle
4,4,square
60,21,rectangle
67,67,square
52,52,square
55,55,square
62,62,square
92,92,square
48,23,rectangle
93,62,rectangle
72,88,rectangle
53,53,square
14,14,square
100,100,square
8,60,rectangle
49,49,square
46,46,square
8,48,rectangle
24,22,rectangle
23,47,rectangle
11,100,rectangle
94,55,rectangle
62,16,rectangle
58,88,rectangle
34,74,rectangle
38,38,square
39,59,rectangle
66,66,square
77,77,square
24,35,rectangle
92,46,rectangle
11,11,square
21,20,rectangle
60,76,rectangle
34,96,rectangle
82,82,square
29,16,rectangle
53,13,rectangle
84,100,rectangle
40,40,square
10,10,square
5,93,rectangle
78,78,square
4,2,rectangle
46,46,square
85,29,rectangle
77,5,rectangle
53,29,rectangle
41,41,square
70,27,rectangle
25,25,square
75,74,rectangle
29,3,rectangle
81,20,rectangle
82,76,rectangle
49,73,rectangle
4,95,rectangle
47,25,rectangle
51,51,square
28,28,square
14,33,rectangle
3,2,rectangle
86,86,square
78,57,rectangle
38,38,square
58,94,rectangle
98,98,square
84,100,rectangle
81,67,rectangle
9,5,rectangle
33,33,square
21,21,square
39,39,square
69,69,square
66,66,square
93,93,square
59,20,rectangle
76,76,square
95,46,rectangle
23,23,square
27,27,square
57,57,square
64,64,square
71,71,square
74,74,square
33,33,square
68,50,rectangle
11,11,square
89,97,rectangle
73,98,rectangle
8,8,square
2,6,rectangle
32,32,square
23,4,rectangle
17,17,square
31,31,square
81,81,square
87,87,square
77,13,rectangle
72,26,rectangle
68,22,rectangle
88,92,rectangle
28,28,square
59,59,square
30,30,square
78,78,square
95,95,square
54,54,square
45,70,rectangle
87,87,square
54,54,square
35,35,square
100,100,square
22,81,rectangle
61,61,square
5,5,square
57,14,rectangle
42,42,square
86,86,square
32,32,square
34,75,rectangle
10,10,square
3,81,rectangle
59,54,rectangle
93,68,rectangle
68,35,rectangle
100,100,square
84,84,square
30,30,square
100,100,square
41,81,rectangle
76,76,square
33,33,square
72,43,rectangle
81,81,square
31,14,rectangle
64,26,rectangle
81,81,square
6,62,rectangle
66,58,rectangle
16,99,rectangle
43,43,square
72,72,square
11,11,square
67,67,square
11,82,rectangle
62,62,square
93,93,square
67,67,square
50,40,rectangle
72,78,rectangle
36,36,square
92,92,square
31,31,square
6,39,rectangle
97,97,square
51,51,square
64,89,rectangle
17,45,rectangle
37,17,rectangle
59,59,square
43,44,rectangle
71,71,square
74,74,square
36,66,rectangle
52,52,square
1,1,square
18,18,square
95,95,square
65,65,square
85,85,square
96,96,square
67,47,rectangle
85,73,rectangle
54,54,square
89,89,square
39,93,rectangle
58,58,square
17,41,rectangle
44,70,rectangle
77,30,rectangle
27,30,rectangle
93,93,square
11,68,rectangle
25,50,rectangle
2,2,square
20,20,square
29,29,square
61,61,square
21,21,square
11,11,square
75,75,square
48,48,square
57,40,rectangle
14,14,square
11,64,rectangle
78,78,square
73,45,rectangle
21,21,square
4,61,rectangle
66,66,square
14,14,square
77,35,rectangle
7,65,rectangle
13,13,square
78,78,square
60,99,rectangle
83,3,rectangle
60,63,rectangle
88,31,rectangle
7,7,square
10,95,rectangle
62,62,square
91,46,rectangle
94,94,square
24,24,square
41,69,rectangle
77,44,rectangle
24,24,square
89,31,rectangle
15,15,square
56,56,square
9,74,rectangle
38,6,rectangle
25,25,square
28,30,rectangle
99,99,square
85,85,square
11,11,square
55,58,rectangle
38,9,rectangle
19,30,rectangle
95,82,rectangle
93,44,rectangle
30,39,rectangle
66,66,square
99,25,rectangle
44,94,rectangle
93,93,square
44,5,rectangle
27,27,square
94,94,square
3,3,square
86,79,rectangle
50,50,square
6,6,square
71,24,rectangle
26,73,rectangle
45,95,rectangle
20,20,square
10,79,rectangle
95,42,rectangle
19,19,square
66,79,rectangle
68,23,rectangle
1,1,square
20,20,square
6,6,square
29,20,rectangle
97,92,rectangle
25,25,square
53,93,rectangle
40,40,square
1,1,square
39,31,rectangle
27,37,rectangle
88,37,rectangle
94,94,square
92,92,square
98,98,square
69,57,rectangle
72,72,square
21,22,rectangle
22,22,square
1,86,rectangle
24,24,square
81,81,square
52,52,square
20,20,square
22,22,square
90,71,rectangle
39,39,square
34,86,rectangle
35,35,square
99,68,rectangle
29,29,square
56,65,rectangle
75,75,square
17,20,rectangle
83,59,rectangle
86,62,rectangle
72,87,rectangle
9,9,square
33,33,square
59,41,rectangle
60,73,rectangle
51,47,rectangle
41,41,square
98,18,rectangle
65,32,rectangle
21,21,square
60,60,square
84,81,rectangle
70,70,square
11,9,rectangle
16,16,square
74,74,square
5,77,rectangle
33,33,square
73,73,square
43,62,rectangle
55,94,rectangle
40,40,square
37,46,rectangle
98,96,rectangle
90,90,square
90,90,square
60,60,square
42,64,rectangle
12,84,rectangle
9,3,rectangle
82,45,rectangle
33,55,rectangle
47,35,rectangle
55,67,rectangle
2,89,rectangle
67,68,rectangle
87,25,rectangle
17,61,rectangle
51,8,rectangle
15,15,square
15,15,square
45,66,rectangle
53,53,square
77,87,rectangle
14,65,rectangle
30,53,rectangle
85,85,square
90,52,rectangle
35,35,square
49,1,rectangle
85,18,rectangle
51,51,square
49,38,rectangle
1,5,rectangle
70,70,square
43,77,rectangle
30,30,square
55,46,rectangle
27,27,square
96,24,rectangle
56,56,square
75,75,square
31,32,rectangle
10,95,rectangle
48,12,rectangle
12,76,rectangle
17,17,square
10,10,square
83,83,square
35,43,rectangle
16,16,square
13,13,square
78,78,square
9,9,square
78,90,rectangle
98,4,rectangle
100,100,square
87,87,square
21,21,square
12,12,square
35,73,rectangle
55,55,square
82,82,square
42,42,square
30,65,rectangle
92,92,square
79,79,square
5,85,rectangle
42,47,rectangle
10,10,square
27,75,rectangle
93,93,square
96,48,rectangle
23,43,rectangle
63,63,square
84,10,rectangle
47,57,rectangle
100,100,square
7,7,square
52,92,rectangle
20,20,square
78,98,rectangle
94,23,rectangle
87,87,square
31,31,square
50,50,square
28,22,rectangle
6,6,square
16,81,rectangle
12,98,rectangle
9,29,rectangle
47,12,rectangle
20,22,rectangle
83,64,rectangle
60,39,rectangle
54,41,rectangle
94,94,square
53,53,square
45,45,square
70,70,square
44,44,square
49,49,square
85,52,rectangle
5,38,rectangle
14,16,rectangle
74,74,square
66,66,square
68,68,square
89,64,rectangle
85,85,square
19,13,rectangle
92,92,square
19,59,rectangle
76,60,rectangle
31,31,square
31,56,rectangle
17,17,square
36,36,square
50,50,square
9,54,rectangle
61,61,square
76,76,square
55,60,rectangle
69,69,square
4,77,rectangle
83,83,square
54,54,square
21,24,rectangle
30,30,square
46,46,square
25,73,rectangle
70,70,square
63,63,square
47,63,rectangle
43,43,square
26,26,square
99,46,rectangle
48,48,square
83,83,square
89,89,square
18,52,rectangle
7,45,rectangle
74,74,square
22,22,square
19,19,square
65,35,rectangle
1,29,rectangle
60,60,square
86,86,square
48,34,rectangle
14,14,square
7,7,square
10,10,square
100,100,square
63,2,rectangle
87,56,rectangle
41,75,rectangle
25,25,square
30,35,rectangle
37,37,square
90,90,square
43,58,rectangle
25,22,rectangle
14,77,rectangle
73,40,rectangle
77,77,square
11,11,square
73,25,rectangle
72,54,rectangle
8,8,square
67,67,square
19,70,rectangle
97,97,square
94,1,rectangle
23,52,rectangle
4,4,square
50,50,square
62,43,rectangle
36,36,square
14,14,square
83,87,rectangle
54,54,square
28,42,rectangle
27,84,rectangle
45,45,square
36,30,rectangle
24,24,square
25,7,rectangle
77,77,square
63,63,square
18,27,rectangle
3,100,rectangle
25,73,rectangle
92,19,rectangle
59,59,square
65,35,rectangle
60,60,square
63,63,square
29,29,square
21,97,rectangle
31,31,square
93,93,square
76,34,rectangle
92,92,square
99,99,square
20,20,square
40,40,square
56,56,square
15,81,rectangle
11,11,square
11,11,square
25,25,square
19,48,rectangle
79,79,square
83,83,square
55,55,square
58,58,square
66,41,rectangle
30,30,square
27,29,rectangle
15,15,square
44,93,rectangle
86,51,rectangle
85,85,square
60,60,square
34,34,square
78,43,rectangle
2,2,square
23,46,rectangle
26,26,square
5,19,rectangle
75,75,square
51,56,rectangle
22,84,rectangle
7,7,square
61,61,square
74,38,rectangle
64,9,rectangle
10,10,square
61,36,rectangle
24,24,square
67,38,rectangle
65,71,rectangle
35,21,rectangle
41,41,square
78,76,rectangle
7,7,square
10,10,square
39,63,rectangle
59,59,square
50,8,rectangle
80,80,square
50,50,square
34,11,rectangle
85,10,rectangle
83,4,rectangle
57,93,rectangle
46,96,rectangle
1,91,rectangle
3,54,rectangle
38,66,rectangle
78,82,rectangle
33,33,square
55,57,rectangle
91,70,rectangle
43,43,square
10,10,square
77,77,square
16,19,rectangle
60,1,rectangle
81,20,rectangle
91,91,square
42,42,square
63,85,rectangle
41,41,square
28,100,rectangle
9,76,rectangle
42,42,square
54,54,square
19,27,rectangle
98,98,square
6,35,rectangle
11,11,square
16,62,rectangle
57,79,rectangle
50,77,rectangle
52,52,square
55,55,square
14,35,rectangle
82,82,square
15,76,rectangle
22,22,square
79,79,square
65,88,rectangle
70,17,rectangle
10,24,rectangle
24,24,square
52,89,rectangle
29,47,rectangle
66,66,square
64,64,square
62,62,square
2,17,rectangle
61,29,rectangle
57,63,rectangle
34,8,rectangle
52,52,square
14,14,square
74,74,square
32,32,square
65,44,rectangle
40,5,rectangle
89,89,square
26,76,rectangle
10,97,rectangle
26,47,rectangle
58,84,rectangle
12,12,square
60,60,square
35,27,rectangle
70,70,square
50,50,square
6,85,rectangle
1,51,rectangle
10,98,rectangle
50,50,square
71,81,rectangle
100,100,square
79,52,rectangle
67,67,square
93,93,square
67,67,square
59,59,square
76,76,square
85,85,square
38,27,rectangle
96,57,rectangle
13,49,rectangle
77,77,square
17,71,rectangle
5,5,square
22,22,square
35,35,square
8,8,square
18,18,square
73,84,rectangle
84,86,rectangle
74,57,rectangle
35,16,rectangle
2,22,rectangle
42,15,rectangle
22,22,square
88,88,square
63,62,rectangle
63,48,rectangle
63,44,rectangle
79,28,rectangle
22,22,square
60,67,rectangle
98,98,square
45,45,square
13,13,square
60,60,square
26,13,rectangle
93,93,square
63,54,rectangle
67,93,rectangle
44,44,square
86,86,square
9,86,rectangle
21,3,rectangle
30,55,rectangle
80,80,square
55,55,square
13,5,rectangle
88,83,rectangle
7,89,rectangle
33,88,rectangle
18,85,rectangle
72,99,rectangle
98,98,square
33,46,rectangle
92,92,square
83,29,rectangle
35,72,rectangle
23,23,square
57,42,rectangle
27,32,rectangle
59,89,rectangle
13,100,rectangle
56,56,square
71,71,square
10,29,rectangle
13,20,rectangle
7,7,square
61,61,square
11,11,square
92,11,rectangle
99,69,rectangle
6,6,square
27,2,rectangle
12,50,rectangle
66,88,rectangle
25,78,rectangle
91,91,square
19,21,rectangle
67,67,square
97,97,square
85,85,square
11,11,square
86,43,rectangle
69,69,square
58,26,rectangle
70,70,square
29,29,square
3,79,rectangle
86,81,rectangle
92,92,square
82,55,rectangle
52,52,square
60,60,square
62,62,square
69,56,rectangle
54,54,square
75,75,square
81,81,square
53,29,rectangle
40,40,square
28,28,square
31,31,square
57,57,square
52,83,rectangle
44,44,square
38,34,rectangle
96,40,rectangle
8,12,rectangle
63,63,square
25,43,rectangle
55,89,rectangle
87,87,square
24,60,rectangle
91,5,rectangle
27,14,rectangle
76,29,rectangle
75,75,square
82,82,square
54,95,rectangle
81,81,square
19,74,rectangle
98,12,rectangle
28,28,square
27,27,square
73,9,rectangle
78,66,rectangle
84,84,square
13,52,rectangle
25,92,rectangle
3,88,rectangle
6,6,square
97,54,rectangle
4,4,square
84,44,rectangle
35,35,square
9,52,rectangle
52,52,square
47,1,rectangle
97,97,square
70,70,square
69,43,rectangle
50,50,square
14,14,square
96,64,rectangle
97,97,square
54,54,square
30,55,rectangle
71,46,rectangle
21,21,square
61,75,rectangle
96,30,rectangle
96,96,square
20,20,square
27,27,square
53,53,square
56,42,rectangle
23,23,square
95,95,square
15,79,rectangle
39,33,rectangle
76,50,rectangle
89,89,square
46,46,square
14,14,square
35,97,rectangle
55,54,rectangle
78,78,square
69,69,square
23,23,square
63,63,square
18,5,rectangle
33,5,rectangle
86,47,rectangle
33,14,rectangle
81,81,square
65,65,square
63,63,square
91,82,rectangle
6,6,square
15,15,square
33,49,rectangle
31,31,square
64,30,rectangle
87,13,rectangle
28,28,square
11,11,square
7,53,rectangle
78,78,square
6,6,square
81,81,square
72,14,rectangle
37,67,rectangle
22,22,square
15,15,square
57,57,square
37,37,square
10,10,square
92,40,rectangle
63,62,rectangle
76,14,rectangle
31,25,rectangle
50,49,rectangle
40,40,square
13,13,square
70,70,square
73,6,rectangle
50,40,rectangle
100,100,square
88,88,square
21,69,rectangle
41,41,square
73,73,square
95,97,rectangle
23,23,square
58,29,rectangle
61,61,square
85,85,square
76,15,rectangle
48,22,rectangle
14,14,square
40,27,rectangle
65,65,square
80,80,square
25,81,rectangle
90,55,rectangle
59,59,square
57,35,rectangle
76,76,square
66,66,square
69,69,square
28,82,rectangle
22,5,rectangle
63,59,rectangle
15,15,square
90,73,rectangle
56,83,rectangle
30,67,rectangle
88,65,rectangle
85,28,rectangle
22,22,square
1,1,square
48,78,rectangle
71,71,square
11,95,rectangle
84,84,square
60,60,square
90,90,square
94,94,square
5,5,square
95,95,square
85,72,rectangle
8,93,rectangle
18,37,rectangle
74,96,rectangle
41,41,square
3,72,rectangle
21,21,square
21,21,square
97,31,rectangle
88,88,square
16,16,square
15,15,square
79,28,rectangle
91,97,rectangle
57,76,rectangle
84,84,square
53,35,rectangle
63,69,rectangle
54,54,square
50,50,square
55,55,square
61,61,square
41,27,rectangle
41,40,rectangle
17,40,rectangle
89,89,square
82,67,rectangle
92,29,rectangle
76,76,square
12,12,square
92,92,square
93,93,square
15,23,rectangle
2,2,square
55,55,square
76,76,square
98,63,rectangle
27,51,rectangle
50,50,square
49,18,rectangle
55,63,rectangle
93,93,square
48,22,rectangle
59,100,rectangle
49,49,square
55,55,square
89,89,square
27,29,rectangle
91,2,rectangle
1,23,rectangle
21,21,square
85,74,rectangle
75,36,rectangle
14,94,rectangle
64,64,square
72,60,rectangle
35,35,square
93,93,square
49,49,square
14,14,square
40,40,square
14,14,square
25,25,square
98,49,rectangle
42,42,square
82,8,rectangle
84,84,square
68,68,square
37,37,square
75,81,rectangle
92,92,square
40,40,square
53,53,square
9,10,rectangle
77,77,square
78,78,square
94,53,rectangle
94,44,rectangle
61,61,square
26,26,square
19,19,square
39,39,square
70,8,rectangle
91,90,rectangle
14,14,square
27,38,rectangle
92,36,rectangle
90,90,square
22,63,rectangle
94,1,rectangle
100,2,rectangle
68,80,rectangle
52,18,rectangle
11,71,rectangle
63,63,square
44,83,rectangle
83,83,square
25,67,rectangle
23,23,square
18,48,rectangle
49,33,rectangle
86,77,rectangle
31,31,square
19,32,rectangle
6,96,rectangle
58,61,rectangle
25,17,rectangle
7,7,square
15,15,square
55,55,square
75,13,rectangle
97,19,rectangle
46,98,rectangle
45,52,rectangle
65,9,rectangle
94,94,square
39,39,square
42,38,rectangle
22,67,rectangle
10,44,rectangle
17,64,rectangle
38,13,rectangle
46,78,rectangle
6,57,rectangle
34,75,rectangle
87,87,square
93,76,rectangle
82,82,square
91,49,rectangle
90,87,rectangle
24,24,square
60,60,square
24,35,rectangle
81,81,square
97,45,rectangle
83,83,square
78,78,square
95,95,square
98,19,rectangle
18,18,square
3,3,square
26,97,rectangle
80,65,rectangle
52,52,square
26,26,square
27,27,square
95,95,square
21,27,rectangle
22,22,square
100,80,rectangle
69,69,square
74,74,square
34,34,square
62,62,square
19,19,square
9,58,rectangle
28,28,square
40,22,rectangle
31,13,rectangle
54,54,square
49,49,square
56,56,square
75,75,square
83,83,square
83,83,square
3,10,rectangle
39,51,rectangle
59,59,square
30,30,square
64,64,square
20,78,rectangle
67,67,square
53,97,rectangle
89,89,square
41,84,rectangle
32,32,square
27,10,rectangle
29,75,rectangle
59,59,square
44,73,rectangle
64,62,rectangle
20,20,square
50,84,rectangle
89,89,square
69,92,rectangle
56,69,rectangle
26,51,rectangle
79,79,square
40,53,rectangle
88,22,rectangle
98,16,rectangle
10,13,rectangle
88,88,square
58,60,rectangle
53,79,rectangle
56,21,rectangle
64,64,square
39,58,rectangle
21,21,square
93,93,square
15,15,square
49,6,rectangle
46,42,rectangle
46,46,square
73,73,square
55,55,square
7,7,square
13,82,rectangle
15,32,rectangle
5,10,rectangle
20,20,square
78,78,square
6,6,square
83,83,square
56,39,rectangle
45,44,rectangle
53,53,square
89,89,square
7,28,rectangle
48,33,rectangle
76,76,square
85,4,rectangle
3,3,square
55,55,square
28,68,rectangle
59,31,rectangle
91,91,square
41,60,rectangle
7,49,rectangle
87,87,square
61,61,square
6,6,square
38,30,rectangle
11,11,square
18,18,square
77,77,square
100,100,square
56,25,rectangle
88,12,rectangle
75,29,rectangle
35,93,rectangle
5,93,rectangle
27,87,rectangle
11,11,square
83,43,rectangle
62,62,square
55,85,rectangle
60,78,rectangle
95,4,rectangle
72,15,rectangle
74,74,square
54,57,rectangle
72,52,rectangle
100,94,rectangle
4,4,square
35,35,square
3,39,rectangle
44,83,rectangle
13,13,square
16,16,square
61,61,square
69,11,rectangle
91,91,square
43,68,rectangle
1,66,rectangle
96,17,rectangle
93,9,rectangle
7,93,rectangle
34,20,rectangle
77,77,square
61,87,rectangle
62,25,rectangle
62,62,square
83,83,square
84,84,square
70,100,rectangle
66,6,rectangle
66,6,rectangle
67,45,rectangle
8,94,rectangle
95,95,square
20,67,rectangle
77,77,square
13,13,square
44,67,rectangle
68,68,square
48,62,rectangle
63,17,rectangle
100,58,rectangle
57,72,rectangle
98,47,rectangle
75,75,square
22,33,rectangle
13,13,square
31,63,rectangle
88,88,square
72,100,rectangle
48,48,square
56,90,rectangle
15,41,rectangle
79,79,square
96,21,rectangle
13,20,rectangle
42,29,rectangle
22,11,rectangle
19,19,square
77,100,rectangle
67,67,square
72,72,square
45,45,square
88,37,rectangle
70,92,rectangle
95,95,square
24,65,rectangle
9,27,rectangle
59,18,rectangle
73,73,square
37,37,square
6,34,rectangle
54,17,rectangle
19,10,rectangle
1,56,rectangle
60,60,square
99,39,rectangle
21,21,square
55,55,square
9,72,rectangle
19,19,square
12,42,rectangle
23,48,rectangle
83,83,square
56,31,rectangle
7,55,rectangle
6,6,square
96,34,rectangle
76,76,square
55,99,rectangle
16,85,rectangle
92,46,rectangle
9,9,square
72,81,rectangle
70,70,square
90,90,square
63,87,rectangle
12,12,square
11,11,square
59,3,rectangle
16,72,rectangle
71,71,square
38,21,rectangle
65,65,square
20,77,rectangle
39,39,square
40,66,rectangle
20,20,square
38,88,rectangle
44,44,square
38,38,square
82,82,square
87,87,square
15,15,square
48,65,rectangle
24,8,rectangle
100,36,rectangle
15,58,rectangle
46,68,rectangle
47,47,square
4,23,rectangle
4,48,rectangle
52,52,square
1,1,square
66,62,rectangle
16,16,square
84,84,square
15,78,rectangle
79,50,rectangle
71,19,rectangle
75,75,square
24,24,square
18,18,square
16,52,rectangle
69,50,rectangle
66,39,rectangle
5,26,rectangle
79,79,square
57,13,rectangle
100,82,rectangle
54,46,rectangle
63,57,rectangle
33,17,rectangle
68,50,rectangle
12,12,square
33,33,square
27,85,rectangle
23,55,rectangle
87,87,square
80,92,rectangle
80,80,square
50,19,rectangle
92,92,square
1,24,rectangle
94,49,rectangle
71,55,rectangle
6,6,square
45,45,square
35,10,rectangle
83,83,square
89,89,square
11,100,rectangle
94,14,rectangle
39,39,square
66,66,square
89,26,rectangle
83,83,square
27,86,rectangle
94,94,square
13,13,square
23,76,rectangle
50,27,rectangle
3,3,square
81,81,square
79,79,square
53,53,square
35,35,square
12,45,rectangle
87,66,rectangle
50,50,square
8,58,rectangle
33,51,rectangle
26,68,rectangle
55,64,rectangle
30,77,rectangle
78,55,rectangle
25,50,rectangle
21,29,rectangle
44,44,square
83,11,rectangle
16,15,rectangle
44,18,rectangle
19,57,rectangle
70,89,rectangle
79,42,rectangle
26,26,square
25,31,rectangle
67,67,square
44,44,square
74,54,rectangle
22,22,square
47,9,rectangle
50,50,square
60,53,rectangle
16,16,square
60,31,rectangle
41,35,rectangle
53,45,rectangle
54,54,square
39,39,square
25,25,square
98,71,rectangle
67,67,square
19,19,square
93,93,square
74,74,square
5,5,square
54,54,square
77,77,square
50,54,rectangle
25,25,square
23,8,rectangle
76,76,square
89,89,square
3,3,square
74,74,square
10,96,rectangle
51,16,rectangle
30,83,rectangle
37,37,square
94,94,square
20,20,square
10,53,rectangle
18,73,rectangle
11,58,rectangle
73,32,rectangle
3,3,square
41,59,rectangle
44,25,rectangle
77,77,square
87,87,square
98,82,rectangle
87,87,square
31,63,rectangle
83,8,rectangle
51,51,square
68,68,square
45,61,rectangle
47,57,rectangle
25,11,rectangle
20,28,rectangle
51,86,rectangle
15,15,square
19,19,square
60,44,rectangle
80,80,square
10,10,square
92,44,rectangle
6,63,rectangle
100,100,square
70,83,rectangle
83,83,square
36,8,rectangle
61,61,square
35,26,rectangle
31,31,square
95,71,rectangle
81,58,rectangle
29,15,rectangle
61,61,square
43,43,square
93,93,square
22,54,rectangle
25,81,rectangle
22,35,rectangle
55,94,rectangle
24,87,rectangle
59,49,rectangle
29,29,square
86,86,square
65,30,rectangle
19,19,square
82,32,rectangle
84,82,rectangle
40,4,rectangle
85,37,rectangle
73,73,square
90,39,rectangle
84,84,square
66,66,square
35,24,rectangle
27,27,square
79,89,rectangle
41,41,square
56,58,rectangle
54,43,rectangle
52,46,rectangle
36,36,square
71,71,square
76,76,square
76,76,square
77,77,square
76,76,square
61,61,square
62,54,rectangle
50,50,square
100,16,rectangle
39,51,rectangle
93,93,square
49,49,square
57,57,square
7,69,rectangle
13,20,rectangle
90,62,rectangle
73,56,rectangle
77,77,square
31,31,square
79,13,rectangle
22,22,square
20,38,rectangle
16,96,rectangle
87,25,rectangle
32,51,rectangle
13,13,square
84,85,rectangle
58,91,rectangle
46,28,rectangle
96,82,rectangle
3,3,square
59,59,square
94,81,rectangle
68,96,rectangle
23,23,square
85,85,square
90,90,square
25,15,rectangle
77,77,square
33,49,rectangle
63,8,rectangle
14,14,square
95,95,square
97,97,square
60,60,square
73,73,square
78,70,rectangle
67,67,square
2,2,square
78,78,square
33,33,square
60,31,rectangle
70,22,rectangle
60,19,rectangle
64,32,rectangle
4,4,square
59,59,square
35,35,square
68,68,square
80,17,rectangle
5,5,square
73,100,rectangle
32,97,rectangle
59,59,square
46,46,square
94,63,rectangle
96,96,square
14,14,square
65,65,square
83,90,rectangle
23,63,rectangle
21,21,square
26,97,rectangle
99,99,square
46,46,square
85,85,square
55,72,rectangle
81,81,square
3,52,rectangle
78,80,rectangle
29,84,rectangle
30,30,square
37,52,rectangle
94,2,rectangle
74,74,square
5,16,rectangle
84,84,square
70,94,rectangle
91,91,square
89,89,square
21,58,rectangle
1,1,square
98,97,rectangle
79,45,rectangle
43,78,rectangle
50,52,rectangle
63,25,rectangle
32,32,square
90,9,rectangle
41,41,square
62,62,square
24,24,square
32,32,square
14,65,rectangle
91,91,square
6,6,square
31,31,square
95,95,square
32,37,rectangle
9,29,rectangle
88,70,rectangle
50,50,square
57,33,rectangle
63,46,rectangle
64,37,rectangle
86,1,rectangle
100,27,rectangle
8,70,rectangle
100,100,square
80,8,rectangle
28,1,rectangle
96,96,square
74,74,square
34,34,square
79,30,rectangle
61,1,rectangle
37,37,square
71,71,square
2,2,square
8,97,rectangle
10,10,square
2,13,rectangle
72,43,rectangle
47,70,rectangle
100,100,square
14,14,square
96,96,square
84,84,square
44,60,rectangle
28,28,square
3,3,square
49,49,square
46,46,square
74,74,square
63,63,square
72,31,rectangle
21,80,rectangle
75,64,rectangle
34,33,rectangle
82,51,rectangle
29,29,square
86,86,square
43,43,square
67,67,square
76,76,square
46,57,rectangle
44,44,square
61,38,rectangle
42,18,rectangle
46,17,rectangle
82,82,square
15,77,rectangle
85,85,square
20,50,rectangle
34,41,rectangle
15,85,rectangle
46,46,square
13,13,square
6,6,square
93,23,rectangle
26,26,square
20,86,rectangle
61,80,rectangle
1,65,rectangle
43,69,rectangle
52,89,rectangle
62,98,rectangle
66,30,rectangle
88,85,rectangle
59,49,rectangle
84,68,rectangle
7,74,rectangle
59,59,square
53,53,square
24,24,square
98,98,square
69,69,square
35,35,square
68,68,square
68,68,square
51,58,rectangle
22,22,square
49,17,rectangle
93,27,rectangle
59,54,rectangle
19,75,rectangle
45,71,rectangle
33,33,square
6,48,rectangle
56,18,rectangle
28,12,rectangle
7,7,square
51,100,rectangle
77,32,rectangle
90,55,rectangle
19,21,rectangle
14,14,square
20,30,rectangle
65,91,rectangle
17,17,square
94,13,rectangle
38,43,rectangle
84,84,square
5,5,square
68,34,rectangle
46,5,rectangle
59,59,square
3,3,square
94,79,rectangle
26,45,rectangle
40,57,rectangle
58,39,rectangle
40,61,rectangle
42,42,square
96,32,rectangle
95,96,rectangle
51,61,rectangle
100,19,rectangle
32,16,rectangle
46,46,square
51,51,square
13,46,rectangle
100,100,square
94,94,square
39,39,square
67,52,rectangle
89,96,rectangle
61,61,square
67,67,square
40,26,rectangle
21,28,rectangle
41,41,square
39,39,square
71,37,rectangle
18,18,square
94,11,rectangle
33,86,rectangle
27,27,square
97,97,square
6,6,square
4,47,rectangle
84,84,square
4,4,square
25,66,rectangle
62,41,rectangle
71,71,square
85,55,rectangle
38,40,rectangle
75,75,square
35,16,rectangle
83,83,square
36,95,rectangle
45,77,rectangle
50,50,square
70,70,square
42,42,square
75,75,square
69,2,rectangle
6,91,rectangle
10,24,rectangle
100,100,square
22,22,square
86,86,square
32,32,square
99,25,rectangle
98,93,rectangle
86,86,square
96,8,rectangle
88,88,square
63,78,rectangle
4,4,square
39,69,rectangle
69,81,rectangle
48,93,rectangle
42,42,square
70,70,square
49,83,rectangle
56,1,rectangle
15,15,square
44,21,rectangle
73,2,rectangle
49,49,square
51,36,rectangle
28,10,rectangle
73,73,square
25,25,square
17,67,rectangle
31,36,rectangle
47,47,square
73,73,square
87,48,rectangle
89,89,square
49,51,rectangle
29,29,square
18,94,rectangle
85,85,square
26,40,rectangle
9,83,rectangle
73,73,square
80,93,rectangle
4,74,rectangle
7,16,rectangle
25,25,square
30,18,rectangle
34,34,square
70,99,rectangle
28,28,square
41,65,rectangle
44,71,rectangle
61,37,rectangle
13,71,rectangle
46,20,rectangle
10,10,square
8,58,rectangle
84,77,rectangle
26,26,square
65,65,square
26,26,square
18,18,square
23,86,rectangle
48,48,square
49,49,square
85,85,square
87,67,rectangle
84,84,square
17,66,rectangle
10,10,square
94,9,rectangle
25,75,rectangle
3,3,square
68,68,square
76,76,square
37,54,rectangle
94,45,rectangle
70,20,rectangle
16,72,rectangle
38,26,rectangle
80,79,rectangle
23,81,rectangle
34,34,square
67,64,rectangle
59,76,rectangle
58,68,rectangle
42,29,rectangle
5,55,rectangle
60,60,square
47,47,square
97,97,square
63,3,rectangle
44,79,rectangle
87,12,rectangle
62,99,rectangle
20,20,square
97,10,rectangle
95,95,square
26,26,square
64,64,square
80,80,square
35,35,square
96,96,square
36,69,rectangle
63,88,rectangle
25,48,rectangle
59,71,rectangle
60,60,square
77,17,rectangle
78,78,square
55,55,square
85,36,rectangle
4,4,square
67,67,square
7,100,rectangle
88,88,square
31,31,square
54,66,rectangle
45,45,square
69,69,square
84,84,square
1,1,square
10,10,square
2,71,rectangle
8,54,rectangle
2,2,square
19,19,square
87,41,rectangle
18,18,square
69,69,square
5,46,rectangle
72,94,rectangle
52,52,square
34,59,rectangle
1,95,rectangle
44,44,square
33,33,square
40,40,square
52,18,rectangle
31,58,rectangle
13,13,square
19,86,rectangle
78,60,rectangle
94,94,square
87,87,square
4,17,rectangle
17,39,rectangle
9,9,square
72,72,square
40,40,square
100,100,square
97,11,rectangle
49,49,square
32,87,rectangle
31,24,rectangle
14,14,square
91,26,rectangle
61,61,square
69,69,square
30,30,square
24,24,square
10,42,rectangle
64,97,rectangle
92,92,square
5,30,rectangle
87,52,rectangle
60,60,square
8,8,square
11,11,square
40,47,rectangle
35,35,square
70,70,square
45,45,square
62,62,square
92,92,square
59,31,rectangle
78,63,rectangle
68,37,rectangle
90,90,square
51,3,rectangle
52,93,rectangle
99,99,square
3,55,rectangle
55,5,rectangle
86,41,rectangle
23,54,rectangle
87,87,square
41,41,square
13,48,rectangle
77,82,rectangle
31,31,square
8,36,rectangle
94,73,rectangle
31,96,rectangle
81,81,square
8,22,rectangle
4,4,square
96,10,rectangle
83,47,rectangle
6,6,square
71,32,rectangle
75,75,square
49,49,square
53,94,rectangle
92,35,rectangle
19,50,rectangle
57,8,rectangle
53,53,square
97,90,rectangle
20,37,rectangle
46,46,square
57,10,rectangle
81,6,rectangle
19,19,square
67,67,square
47,48,rectangle
80,80,square
25,47,rectangle
70,70,square
14,14,square
48,38,rectangle
27,82,rectangle
50,89,rectangle
22,85,rectangle
32,94,rectangle
30,4,rectangle
90,78,rectangle
57,57,square
50,26,rectangle
30,24,rectangle
15,15,square
42,65,rectangle
5,5,square
51,51,square
95,95,square
26,26,square
42,55,rectangle
69,3,rectangle
49,66,rectangle
48,4,rectangle
12,91,rectangle
94,94,square
91,91,square
12,12,square
58,58,square
1,7,rectangle
42,42,square
83,83,square
44,74,rectangle
95,68,rectangle
41,82,rectangle
75,42,rectangle
33,42,rectangle
57,57,square
38,34,rectangle
89,5,rectangle
55,55,square
78,31,rectangle
49,3,rectangle
2,2,square
100,85,rectangle
43,43,square
46,46,square
27,27,square
72,82,rectangle
64,64,square
25,37,rectangle
64,64,square
47,83,rectangle
8,8,square
59,59,square
26,26,square
68,28,rectangle
68,65,rectangle
66,84,rectangle
89,89,square
8,37,rectangle
16,25,rectangle
43,43,square
99,8,rectangle
33,33,square
19,67,rectangle
5,74,rectangle
42,77,rectangle
60,51,rectangle
52,52,square
2,83,rectangle
13,13,square
11,11,square
93,93,square
49,81,rectangle
12,12,square
72,72,square
65,65,square
64,50,rectangle
21,25,rectangle
44,44,square
84,83,rectangle
10,10,square
95,95,square
28,51,rectangle
25,25,square
6,28,rectangle
16,19,rectangle
23,23,square
6,6,square
71,71,square
76,76,square
23,23,square
9,9,square
4,4,square
56,41,rectangle
22,37,rectangle
42,42,square
81,14,rectangle
46,21,rectangle
15,40,rectangle
8,39,rectangle
60,60,square
60,11,rectangle
63,63,square
56,56,square
16,78,rectangle
82,43,rectangle
11,59,rectangle
89,48,rectangle
96,66,rectangle
18,21,rectangle
51,15,rectangle
45,58,rectangle
65,38,rectangle
46,88,rectangle
43,43,square
79,79,square
100,100,square
81,81,square
41,41,square
15,33,rectangle
6,6,square
71,69,rectangle
57,57,square
50,50,square
56,56,square
60,7,rectangle
28,27,rectangle
97,97,square
78,78,square
56,56,square
57,65,rectangle
1,1,square
22,22,square
83,83,square
94,94,square
59,81,rectangle
15,15,square
21,21,square
18,79,rectangle
26,26,square
90,27,rectangle
20,20,square
20,20,square
59,3,rectangle
67,67,square
40,3,rectangle
27,94,rectangle
16,16,square
17,17,square
67,64,rectangle
66,22,rectangle
55,19,rectangle
42,66,rectangle
97,12,rectangle
66,66,square
7,80,rectangle
90,22,rectangle
43,43,square
90,90,square
60,60,square
100,97,rectangle
26,26,square
16,92,rectangle
13,12,rectangle
18,18,square
61,61,square
28,37,rectangle
76,76,square
17,17,square
90,90,square
6,6,square
55,37,rectangle
31,31,square
54,54,square
62,80,rectangle
45,90,rectangle
77,77,square
89,84,rectangle
30,2,rectangle
46,7,rectangle
71,29,rectangle
89,89,square
29,29,square
6,24,rectangle
61,61,square
55,68,rectangle
12,12,square
65,65,square
99,99,square
71,71,square
97,13,rectangle
73,73,square
95,95,square
7,37,rectangle
24,30,rectangle
42,25,rectangle
76,29,rectangle
32,32,square
50,50,square
95,95,square
12,5,rectangle
13,70,rectangle
53,53,square
46,20,rectangle
78,78,square
56,20,rectangle
79,79,square
61,65,rectangle
87,30,rectangle
57,57,square
41,95,rectangle
92,92,square
53,68,rectangle
16,70,rectangle
48,48,square
27,26,rectangle
39,39,square
88,88,square
86,46,rectangle
13,8,rectangle
96,18,rectangle
57,57,square
75,14,rectangle
46,42,rectangle
85,27,rectangle
42,42,square
51,51,square
87,57,rectangle
86,54,rectangle
62,62,square
100,100,square
72,89,rectangle
95,95,square
87,68,rectangle
25,25,square
45,45,square
5,5,square
57,37,rectangle
23,23,square
5,64,rectangle
6,73,rectangle
4,6,rectangle
91,91,square
24,2,rectangle
75,75,square
43,43,square
9,9,square
1,1,square
90,90,square
80,80,square
85,13,rectangle
31,80,rectangle
65,77,rectangle
59,59,square
58,94,rectangle
91,71,rectangle
76,93,rectangle
80,80,square
63,63,square
3,99,rectangle
58,58,square
31,97,rectangle
67,67,square
64,64,square
58,58,square
16,98,rectangle
10,10,square
96,22,rectangle
17,17,square
64,53,rectangle
24,24,square
72,72,square
17,28,rectangle
82,97,rectangle
37,28,rectangle
50,50,square
61,61,square
30,100,rectangle
48,48,square
36,36,square
66,66,square
41,41,square
33,16,rectangle
28,7,rectangle
73,13,rectangle
1,1,square
44,44,square
86,46,rectangle
78,78,square
84,84,square
100,100,square
100,100,square
73,38,rectangle
27,30,rectangle
40,88,rectangle
63,36,rectangle
40,93,rectangle
93,88,rectangle
23,23,square
41,67,rectangle
60,21,rectangle
43,53,rectangle
59,69,rectangle
94,76,rectangle
21,21,square
28,43,rectangle
39,39,square
28,28,square
80,80,square
2,2,square
33,33,square
52,52,square
20,77,rectangle
13,65,rectangle
13,73,rectangle
81,81,square
99,44,rectangle
74,74,square
63,63,square
8,8,square
64,74,rectangle
24,24,square
30,30,square
65,28,rectangle
66,90,rectangle
24,24,square
96,96,square
54,71,rectangle
29,42,rectangle
96,96,square
33,33,square
37,69,rectangle
8,8,square
69,69,square
58,58,square
89,86,rectangle
100,85,rectangle
48,48,square
93,8,rectangle
79,8,rectangle
18,68,rectangle
10,30,rectangle
53,2,rectangle
57,57,square
60,60,square
50,27,rectangle
100,95,rectangle
61,42,rectangle
93,30,rectangle
20,20,square
46,73,rectangle
16,55,rectangle
46,46,square
98,52,rectangle
40,40,square
62,62,square
21,97,rectangle
92,92,square
30,40,rectangle
36,51,rectangle
27,27,square
76,34,rectangle
58,58,square
16,16,square
8,62,rectangle
78,57,rectangle
92,95,rectangle
24,24,square
4,82,rectangle
3,17,rectangle
34,55,rectangle
89,44,rectangle
63,69,rectangle
32,32,square
98,20,rectangle
63,73,rectangle
57,57,square
17,17,square
67,67,square
45,97,rectangle
36,36,square
48,48,square
39,39,square
94,34,rectangle
72,72,square
21,40,rectangle
95,72,rectangle
8,57,rectangle
22,22,square
31,31,square
7,7,square
25,1,rectangle
33,64,rectangle
30,30,square
15,76,rectangle
45,45,square
96,50,rectangle
28,89,rectangle
27,7,rectangle
98,18,rectangle
32,32,square
53,53,square
6,6,square
56,56,square
81,62,rectangle
92,92,square
16,22,rectangle
50,50,square
67,88,rectangle
30,80,rectangle
14,43,rectangle
62,42,rectangle
7,22,rectangle
26,26,square
38,40,rectangle
24,89,rectangle
75,75,square
41,32,rectangle
22,35,rectangle
27,24,rectangle
63,63,square
22,75,rectangle
68,29,rectangle
23,23,square
14,47,rectangle
96,96,square
46,42,rectangle
45,76,rectangle
22,22,square
36,51,rectangle
39,39,square
55,55,square
59,59,square
71,71,square
26,26,square
5,56,rectangle
46,66,rectangle
13,55,rectangle
64,64,square
47,47,square
45,39,rectangle
77,24,rectangle
42,1,rectangle
72,27,rectangle
45,45,square
65,65,square
19,98,rectangle
81,81,square
25,25,square
47,2,rectangle
10,32,rectangle
78,100,rectangle
89,89,square
26,26,square
88,53,rectangle
43,43,square
30,41,rectangle
92,69,rectangle
22,57,rectangle
26,26,square
23,23,square
49,49,square
14,14,square
37,37,square
52,50,rectangle
3,73,rectangle
9,9,square
17,16,rectangle
32,32,square
4,99,rectangle
74,50,rectangle
25,25,square
42,42,square
83,49,rectangle
92,92,square
35,8,rectangle
15,15,square
33,33,square
21,21,square
62,62,square
38,38,square
99,91,rectangle
13,14,rectangle
59,27,rectangle
50,47,rectangle
79,79,square
61,14,rectangle
66,1,rectangle
43,43,square
25,25,square
38,38,square
74,19,rectangle
20,20,square
99,48,rectangle
15,15,square
90,90,square
18,83,rectangle
47,57,rectangle
36,36,square
18,86,rectangle
71,67,rectangle
37,37,square
76,70,rectangle
62,12,rectangle
4,4,square
86,86,square
8,8,square
61,38,rectangle
70,70,square
52,17,rectangle
57,76,rectangle
90,45,rectangle
23,52,rectangle
83,83,square
32,75,rectangle
39,39,square
47,47,square
11,11,square
94,94,square
84,84,square
72,72,square
2,29,rectangle
68,2,rectangle
11,53,rectangle
62,81,rectangle
53,26,rectangle
22,94,rectangle
69,21,rectangle
71,71,square
42,75,rectangle
36,91,rectangle
75,81,rectangle
90,90,square
58,58,square
38,38,square
20,20,square
52,52,square
29,74,rectangle
51,51,square
60,60,square
9,6,rectangle
44,76,rectangle
19,28,rectangle
54,68,rectangle
4,4,square
59,3,rectangle
3,3,square
44,2,rectangle
68,68,square
56,78,rectangle
3,13,rectangle
25,25,square
22,67,rectangle
35,35,square
90,70,rectangle
32,32,square
22,9,rectangle
19,19,square
25,28,rectangle
1,26,rectangle
44,44,square
92,64,rectangle
55,55,square
45,45,square
2,2,square
28,27,rectangle
68,44,rectangle
40,34,rectangle
4,4,square
39,81,rectangle
60,43,rectangle
52,52,square
93,54,rectangle
27,74,rectangle
80,80,square
27,27,square
79,60,rectangle
13,97,rectangle
55,95,rectangle
52,3,rectangle
35,35,square
48,48,square
75,12,rectangle
10,10,square
61,94,rectangle
97,8,rectangle
68,68,square
39,71,rectangle
53,53,square
67,53,rectangle
26,26,square
3,52,rectangle
78,78,square
85,87,rectangle
37,20,rectangle
52,41,rectangle
89,89,square
30,48,rectangle
77,86,rectangle
77,89,rectangle
17,92,rectangle
89,89,square
83,76,rectangle
37,32,rectangle
79,79,square
43,43,square
87,87,square
60,25,rectangle
45,45,square
68,68,square
63,63,square
68,68,square
82,8,rectangle
92,22,rectangle
90,85,rectangle
72,59,rectangle
50,22,rectangle
37,100,rectangle
24,39,rectangle
16,69,rectangle
58,19,rectangle
81,52,rectangle
35,35,square
12,68,rectangle
68,68,square
74,58,rectangle
19,19,square
76,83,rectangle
14,65,rectangle
47,47,square
65,86,rectangle
18,84,rectangle
6,64,rectangle
55,55,square
78,78,square
48,48,square
10,55,rectangle
14,14,square
33,65,rectangle
12,12,square
89,89,square
52,14,rectangle
86,65,rectangle
36,6,rectangle
68,68,square
29,26,rectangle
76,60,rectangle
49,23,rectangle
1,87,rectangle
60,88,rectangle
100,87,rectangle
100,32,rectangle
72,62,rectangle
53,24,rectangle
65,65,square
22,22,square
65,93,rectangle
57,52,rectangle
45,63,rectangle
9,93,rectangle
74,74,square
48,65,rectangle
72,72,square
6,6,square
96,71,rectangle
52,61,rectangle
36,36,square
17,17,square
61,61,square
66,15,rectangle
95,26,rectangle
62,14,rectangle
44,44,square
99,26,rectangle
87,87,square
57,9,rectangle
65,65,square
47,94,rectangle
45,18,rectangle
40,40,square
40,40,square
1,56,rectangle
71,80,rectangle
86,86,square
100,100,square
64,64,square
38,38,square
36,36,square
53,53,square
23,23,square
76,89,rectangle
11,37,rectangle
4,30,rectangle
53,53,square
52,52,square
47,96,rectangle
31,27,rectangle
97,97,square
47,47,square
71,71,square
7,36,rectangle
57,57,square
93,86,rectangle
71,67,rectangle
80,98,rectangle
47,30,rectangle
31,31,square
5,69,rectangle
62,62,square
98,100,rectangle
39,100,rectangle
16,14,rectangle
97,97,square
21,47,rectangle
84,84,square
38,38,square
23,57,rectangle
41,41,square
52,96,rectangle
91,51,rectangle
27,59,rectangle
68,26,rectangle
14,14,square
19,25,rectangle
68,22,rectangle
11,11,square
52,87,rectangle
85,85,square
10,10,square
41,41,square
15,38,rectangle
93,93,square
31,41,rectangle
65,65,square
95,95,square
89,20,rectangle
89,89,square
33,28,rectangle
64,34,rectangle
28,69,rectangle
91,79,rectangle
76,76,square
97,42,rectangle
28,28,square
22,22,square
2,25,rectangle
7,7,square
98,8,rectangle
30,7,rectangle
36,36,square
46,46,square
1,1,square
53,53,square
68,68,square
100,68,rectangle
56,10,rectangle
32,32,square
8,46,rectangle
93,9,rectangle
84,84,square
22,22,square
10,10,square
53,53,square
95,20,rectangle
8,8,square
84,31,rectangle
47,47,square
41,7,rectangle
28,28,square
1,1,square
42,94,rectangle
41,41,square
78,78,square
5,75,rectangle
69,69,square
74,74,square
3,16,rectangle
28,20,rectangle
80,80,square
80,80,square
79,79,square
53,36,rectangle
55,55,square
14,94,rectangle
56,56,square
14,14,square
60,60,square
28,90,rectangle
78,78,square
19,19,square
81,81,square
68,55,rectangle
52,52,square
25,28,rectangle
10,10,square
80,80,square
81,9,rectangle
57,50,rectangle
67,26,rectangle
65,38,rectangle
94,88,rectangle
3,3,square
29,77,rectangle
42,1,rectangle
56,4,rectangle
61,41,rectangle
96,77,rectangle
27,77,rectangle
16,16,square
63,15,rectangle
72,39,rectangle
65,14,rectangle
32,32,square
90,59,rectangle
19,87,rectangle
35,36,rectangle
71,71,square
71,71,square
15,15,square
72,23,rectangle
79,79,square
7,20,rectangle
90,90,square
57,57,square
92,92,square
1,76,rectangle
81,75,rectangle
8,8,square
8,8,square
69,69,square
82,35,rectangle
20,20,square
64,64,square
48,82,rectangle
80,1,rectangle
72,72,square
40,40,square
46,81,rectangle
44,44,square
73,73,square
61,61,square
33,40,rectangle
19,87,rectangle
75,75,square
61,61,square
44,46,rectangle
93,93,square
99,99,square
75,66,rectangle
75,75,square
14,73,rectangle
53,82,rectangle
62,18,rectangle
87,87,square
76,15,rectangle
66,16,rectangle
38,38,square
22,22,square
23,85,rectangle
71,71,square
92,92,square
24,24,square
49,85,rectangle
58,5,rectangle
31,11,rectangle
29,29,square
84,84,square
55,55,square
5,29,rectangle
31,23,rectangle
67,43,rectangle
85,85,square
3,3,square
94,94,square
100,100,square
11,11,square
12,86,rectangle
32,86,rectangle
7,79,rectangle
47,47,square
72,72,square
92,83,rectangle
45,76,rectangle
28,92,rectangle
79,97,rectangle
57,75,rectangle
49,49,square
70,70,square
48,48,square
85,79,rectangle
51,76,rectangle
10,60,rectangle
64,64,square
88,88,square
91,68,rectangle
38,46,rectangle
56,11,rectangle
2,2,square
79,79,square
22,22,square
30,97,rectangle
2,2,square
95,9,rectangle
74,77,rectangle
85,83,rectangle
8,8,square
98,98,square
3,32,rectangle
95,95,square
61,3,rectangle
59,85,rectangle
40,40,square
43,49,rectangle
99,99,square
80,80,square
19,19,square
10,10,square
12,83,rectangle
37,83,rectangle
13,13,square
73,73,square
7,6,rectangle
41,57,rectangle
82,82,square
5,5,square
46,64,rectangle
80,64,rectangle
50,33,rectangle
71,71,square
73,73,square
39,39,square
96,67,rectangle
94,94,square
18,49,rectangle
98,98,square
56,65,rectangle
53,53,square
13,13,square
28,28,square
53,54,rectangle
24,24,square
4,4,square
18,18,square
40,95,rectangle
72,43,rectangle
24,20,rectangle
97,12,rectangle
10,10,square
39,39,square
30,1,rectangle
15,15,square
17,84,rectangle
20,48,rectangle
30,30,square
49,49,square
4,4,square
1,1,square
25,25,square
40,40,square
80,32,rectangle
68,31,rectangle
97,51,rectangle
68,68,square
13,39,rectangle
71,71,square
9,9,square
2,2,square
62,62,square
65,65,square
94,94,square
63,95,rectangle
21,24,rectangle
14,41,rectangle
95,33,rectangle
52,52,square
17,17,square
61,61,square
34,86,rectangle
34,34,square
95,35,rectangle
45,63,rectangle
10,46,rectangle
87,48,rectangle
76,76,square
96,96,square
99,6,rectangle
83,83,square
69,69,square
94,94,square
19,19,square
60,60,square
54,54,square
70,76,rectangle
99,94,rectangle
91,45,rectangle
41,4,rectangle
81,47,rectangle
44,95,rectangle
28,28,square
29,26,rectangle
21,21,square
4,4,square
68,88,rectangle
25,97,rectangle
10,10,square
70,60,rectangle
59,26,rectangle
76,14,rectangle
14,45,rectangle
75,75,square
72,72,square
14,93,rectangle
15,15,square
21,59,rectangle
70,70,square
27,27,square
70,70,square
56,56,square
85,3,rectangle
82,32,rectangle
62,44,rectangle
38,51,rectangle
52,16,rectangle
8,8,square
25,25,square
94,83,rectangle
62,18,rectangle
53,16,rectangle
76,76,square
28,28,square
19,19,square
73,73,square
100,87,rectangle
48,62,rectangle
51,51,square
80,33,rectangle
25,23,rectangle
66,34,rectangle
81,51,rectangle
46,14,rectangle
59,59,square
13,13,square
51,51,square
31,31,square
60,36,rectangle
71,71,square
17,17,square
15,15,square
98,55,rectangle
39,24,rectangle
5,4,rectangle
99,99,square
58,100,rectangle
87,49,rectangle
65,65,square
19,11,rectangle
2,2,square
58,64,rectangle
96,96,square
43,43,square
28,38,rectangle
9,9,square
78,78,square
23,23,square
85,85,square
85,47,rectangle
23,35,rectangle
19,85,rectangle
83,37,rectangle
62,19,rectangle
62,1,rectangle
88,88,square
36,73,rectangle
88,88,square
83,83,square
72,72,square
54,85,rectangle
10,93,rectangle
51,69,rectangle
59,59,square
53,53,square
30,30,square
68,68,square
99,98,rectangle
46,46,square
8,28,rectangle
95,95,square
92,92,square
85,56,rectangle
71,21,rectangle
28,89,rectangle
84,32,rectangle
48,67,rectangle
84,84,square
21,21,square
52,52,square
58,58,square
20,20,square
16,81,rectangle
89,89,square
74,74,square
5,54,rectangle
24,35,rectangle
61,61,square
88,85,rectangle
36,76,rectangle
3,97,rectangle
98,98,square
12,35,rectangle
99,99,square
38,75,rectangle
85,85,square
8,98,rectangle
74,83,rectangle
71,71,square
55,82,rectangle
12,12,square
38,90,rectangle
30,17,rectangle
68,64,rectangle
100,100,square
12,85,rectangle
7,4,rectangle
63,42,rectangle
67,19,rectangle
31,66,rectangle
51,16,rectangle
38,38,square
16,16,square
100,100,square
45,45,square
80,80,square
34,34,square
69,25,rectangle
82,82,square
72,72,square
51,84,rectangle
18,96,rectangle
15,69,rectangle
85,85,square
48,48,square
82,57,rectangle
3,36,rectangle
38,38,square
67,67,square
72,16,rectangle
43,77,rectangle
34,34,square
46,15,rectangle
2,2,square
94,80,rectangle
62,64,rectangle
55,7,rectangle
51,51,square
4,4,square
74,6,rectangle
72,60,rectangle
88,88,square
85,71,rectangle
84,84,square
61,15,rectangle
20,20,square
93,32,rectangle
52,52,square
34,99,rectangle
71,71,square
83,47,rectangle
62,62,square
52,29,rectangle
24,24,square
27,24,rectangle
23,98,rectangle
10,97,rectangle
89,89,square
68,4,rectangle
53,53,square
80,80,square
89,1,rectangle
30,50,rectangle
7,7,square
64,69,rectangle
31,29,rectangle
32,59,rectangle
57,82,rectangle
21,41,rectangle
18,18,square
83,94,rectangle
44,44,square
36,12,rectangle
72,72,square
99,99,square
26,26,square
88,19,rectangle
55,55,square
5,5,square
3,3,square
49,49,square
95,22,rectangle
81,81,square
1,16,rectangle
15,70,rectangle
52,52,square
11,11,square
64,64,square
33,16,rectangle
16,16,square
27,93,rectangle
68,68,square
99,99,square
27,98,rectangle
2,2,square
30,81,rectangle
48,32,rectangle
85,25,rectangle
52,24,rectangle
41,41,square
90,90,square
83,2,rectangle
32,32,square
3,3,square
93,93,square
89,89,square
19,19,square
52,69,rectangle
9,9,square
18,18,square
83,83,square
90,90,square
95,95,square
38,69,rectangle
99,99,square
7,7,square
26,26,square
67,67,square
51,51,square
30,30,square
34,34,square
41,41,square
34,12,rectangle
61,32,rectangle
91,91,square
32,32,square
77,77,square
21,3,rectangle
86,86,square
50,56,rectangle
72,72,square
54,54,square
33,33,square
61,58,rectangle
66,21,rectangle
50,56,rectangle
27,72,rectangle
69,35,rectangle
72,72,square
82,29,rectangle
31,40,rectangle
25,99,rectangle
36,81,rectangle
2,2,square
68,68,square
31,66,rectangle
21,95,rectangle
80,68,rectangle
73,73,square
24,24,square
19,33,rectangle
85,35,rectangle
62,90,rectangle
53,51,rectangle
11,50,rectangle
30,30,square
88,88,square
37,37,square
78,98,rectangle
53,5,rectangle
46,56,rectangle
85,24,rectangle
13,13,square
93,7,rectangle
71,59,rectangle
53,53,square
77,77,square
77,84,rectangle
8,25,rectangle
46,46,square
73,73,square
30,57,rectangle
83,83,square
47,88,rectangle
90,90,square
87,87,square
36,36,square
45,13,rectangle
72,35,rectangle
84,84,square
7,57,rectangle
80,80,square
77,11,rectangle
2,2,square
97,21,rectangle
46,31,rectangle
12,4,rectangle
97,100,rectangle
31,31,square
59,87,rectangle
10,10,square
58,58,square
22,90,rectangle
3,68,rectangle
58,58,square
81,81,square
40,40,square
38,63,rectangle
64,6,rectangle
93,30,rectangle
39,16,rectangle
96,17,rectangle
87,22,rectangle
10,41,rectangle
98,37,rectangle
95,95,square
21,21,square
95,95,square
43,43,square
65,15,rectangle
29,29,square
19,94,rectangle
99,23,rectangle
58,58,square
33,33,square
96,30,rectangle
67,67,square
43,43,square
12,12,square
42,42,square
82,82,square
61,61,square
97,70,rectangle
25,25,square
2,2,square
9,9,square
37,37,square
35,57,rectangle
1,48,rectangle
91,91,square
14,67,rectangle
95,23,rectangle
81,81,square
37,10,rectangle
44,36,rectangle
12,12,square
96,96,square
74,26,rectangle
86,49,rectangle
34,79,rectangle
3,43,rectangle
96,96,square
55,55,square
63,63,square
24,11,rectangle
67,11,rectangle
34,34,square
4,32,rectangle
61,61,square
43,43,square
61,61,square
63,63,square
46,46,square
24,32,rectangle
96,96,square
97,93,rectangle
50,50,square
73,73,square
77,73,rectangle
43,43,square
73,2,rectangle
59,96,rectangle
56,56,square
41,77,rectangle
49,93,rectangle
98,9,rectangle
61,61,square
82,82,square
10,66,rectangle
19,64,rectangle
31,31,square
34,59,rectangle
89,89,square
78,11,rectangle
43,29,rectangle
39,9,rectangle
58,70,rectangle
74,74,square
98,98,square
13,13,square
63,63,square
37,39,rectangle
72,70,rectangle
2,78,rectangle
28,28,square
42,92,rectangle
77,29,rectangle
52,57,rectangle
32,18,rectangle
97,97,square
81,81,square
96,18,rectangle
15,15,square
44,44,square
53,10,rectangle
13,13,square
32,32,square
83,83,square
35,35,square
12,12,square
51,64,rectangle
79,79,square
80,73,rectangle
72,55,rectangle
12,12,square
13,57,rectangle
61,61,square
65,65,square
10,45,rectangle
90,90,square
32,46,rectangle
84,84,square
22,47,rectangle
41,41,square
91,91,square
37,73,rectangle
12,12,square
89,88,rectangle
99,99,square
68,80,rectangle
46,46,square
54,54,square
42,15,rectangle
62,62,square
64,94,rectangle
63,33,rectangle
80,73,rectangle
91,66,rectangle
34,34,square
1,1,square
7,19,rectangle
98,87,rectangle
67,67,square
57,57,square
38,20,rectangle
56,56,square
14,14,square
56,56,square
94,60,rectangle
34,81,rectangle
89,89,square
23,84,rectangle
14,100,rectangle
40,40,square
99,80,rectangle
27,45,rectangle
1,1,square
93,90,rectangle
42,42,square
47,47,square
40,54,rectangle
18,18,square
95,95,square
43,43,square
76,28,rectangle
75,75,square
99,72,rectangle
34,34,square
9,9,square
100,67,rectangle
7,59,rectangle
35,35,square
70,70,square
12,13,rectangle
46,46,square
23,25,rectangle
19,19,square
23,23,square
6,23,rectangle
11,86,rectangle
88,50,rectangle
72,38,rectangle
89,89,square
39,93,rectangle
20,20,square
71,29,rectangle
34,77,rectangle
96,54,rectangle
84,100,rectangle
16,16,square
2,77,rectangle
94,94,square
80,57,rectangle
3,16,rectangle
51,51,square
16,60,rectangle
61,49,rectangle
25,25,square
92,92,square
50,50,square
18,48,rectangle
87,19,rectangle
36,93,rectangle
86,86,square
39,75,rectangle
94,49,rectangle
23,46,rectangle
70,82,rectangle
2,2,square
7,5,rectangle
53,53,square
22,22,square
46,84,rectangle
76,39,rectangle
51,23,rectangle
8,30,rectangle
25,68,rectangle
91,91,square
26,26,square
30,30,square
9,19,rectangle
99,24,rectangle
8,8,square
32,32,square
71,71,square
52,52,square
43,43,square
10,26,rectangle
45,45,square
89,89,square
3,52,rectangle
29,58,rectangle
100,4,rectangle
24,24,square
83,83,square
21,21,square
19,66,rectangle
68,68,square
21,67,rectangle
28,28,square
8,56,rectangle
68,68,square
6,6,square
11,11,square
5,5,square
19,19,square
82,82,square
84,69,rectangle
47,47,square
91,91,square
93,93,square
99,91,rectangle
79,79,square
2,2,square
58,2,rectangle
59,59,square
25,25,square
27,27,square
43,43,square
69,69,square
95,5,rectangle
61,61,square
68,68,square
61,61,square
82,68,rectangle
23,23,square
73,4,rectangle
72,72,square
62,62,square
69,66,rectangle
77,87,rectangle
20,99,rectangle
50,50,square
57,57,square
40,40,square
12,72,rectangle
7,39,rectangle
11,91,rectangle
100,100,square
59,3,rectangle
32,32,square
61,3,rectangle
8,8,square
65,60,rectangle
56,85,rectangle
79,79,square
91,35,rectangle
24,69,rectangle
100,100,square
32,54,rectangle
3,24,rectangle
18,18,square
5,35,rectangle
75,66,rectangle
84,84,square
75,75,square
81,81,square
33,83,rectangle
72,82,rectangle
26,96,rectangle
96,96,square
95,76,rectangle
95,14,rectangle
27,27,square
95,60,rectangle
19,16,rectangle
26,57,rectangle
79,79,square
75,75,square
15,27,rectangle
1,1,square
97,25,rectangle
23,23,square
50,50,square
70,42,rectangle
61,34,rectangle
2,17,rectangle
75,96,rectangle
80,19,rectangle
19,75,rectangle
40,40,square
29,29,square
81,12,rectangle
23,23,square
37,40,rectangle
61,66,rectangle
74,60,rectangle
24,24,square
97,83,rectangle
10,1,rectangle
66,66,square
82,82,square
95,95,square
33,33,square
46,71,rectangle
85,60,rectangle
85,29,rectangle
97,37,rectangle
35,35,square
82,82,square
73,73,square
39,39,square
18,18,square
67,67,square
49,97,rectangle
26,3,rectangle
31,47,rectangle
80,3,rectangle
51,21,rectangle
3,31,rectangle
52,11,rectangle
80,39,rectangle
6,86,rectangle
79,25,rectangle
29,55,rectangle
47,29,rectangle
12,12,square
96,96,square
64,38,rectangle
26,95,rectangle
82,45,rectangle
25,25,square
39,47,rectangle
67,67,square
82,50,rectangle
43,43,square
86,56,rectangle
51,92,rectangle
68,55,rectangle
1,66,rectangle
3,63,rectangle
11,28,rectangle
98,98,square
87,10,rectangle
89,78,rectangle
87,97,rectangle
38,38,square
10,10,square
19,37,rectangle
77,77,square
17,17,square
8,8,square
54,76,rectangle
58,58,square
74,66,rectangle
80,31,rectangle
92,90,rectangle
73,33,rectangle
2,2,square
92,92,square
47,47,square
52,52,square
15,99,rectangle
64,63,rectangle
33,42,rectangle
51,9,rectangle
81,75,rectangle
72,55,rectangle
79,25,rectangle
6,6,square
34,34,square
12,12,square
10,10,square
71,27,rectangle
4,4,square
52,52,square
92,7,rectangle
31,2,rectangle
13,13,square
55,94,rectangle
40,61,rectangle
60,60,square
24,83,rectangle
39,89,rectangle
74,20,rectangle
27,82,rectangle
27,55,rectangle
9,9,square
46,46,square
13,13,square
91,59,rectangle
60,30,rectangle
73,60,rectangle
15,86,rectangle
7,11,rectangle
17,33,rectangle
2,1,rectangle
83,81,rectangle
41,70,rectangle
14,21,rectangle
25,52,rectangle
62,62,square
29,66,rectangle
52,1,rectangle
27,59,rectangle
50,5,rectangle
95,26,rectangle
49,49,square
37,47,rectangle
7,2,rectangle
66,66,square
38,84,rectangle
96,96,square
64,64,square
29,29,square
21,82,rectangle
77,77,square
86,86,square
13,60,rectangle
90,90,square
38,70,rectangle
45,17,rectangle
13,13,square
47,80,rectangle
98,62,rectangle
54,86,rectangle
47,47,square
96,59,rectangle
66,94,rectangle
7,7,square
8,70,rectangle
69,69,square
29,12,rectangle
18,82,rectangle
99,26,rectangle
78,21,rectangle
79,79,square
74,74,square
64,64,square
33,33,square
78,73,rectangle
49,49,square
4,67,rectangle
67,67,square
18,18,square
7,7,square
34,69,rectangle
14,14,square
23,23,square
59,49,rectangle
81,81,square
75,75,square
46,34,rectangle
75,75,square
27,16,rectangle
21,23,rectangle
1,1,square
78,39,rectangle
16,16,square
68,74,rectangle
41,19,rectangle
33,97,rectangle
33,77,rectangle
32,32,square
58,39,rectangle
75,61,rectangle
79,79,square
4,41,rectangle
69,59,rectangle
15,15,square
20,20,square
67,98,rectangle
58,58,square
77,77,square
63,63,square
77,3,rectangle
20,20,square
94,94,square
98,9,rectangle
24,69,rectangle
82,57,rectangle
59,63,rectangle
68,2,rectangle
48,48,square
14,14,square
73,64,rectangle
77,77,square
11,11,square
11,11,square
93,93,square
56,56,square
18,67,rectangle
39,49,rectangle
12,12,square
51,39,rectangle
71,96,rectangle
33,33,square
56,56,square
49,37,rectangle
69,23,rectangle
24,24,square
35,35,square
21,2,rectangle
25,17,rectangle
36,30,rectangle
17,17,square
68,32,rectangle
11,11,square
61,61,square
27,27,square
74,53,rectangle
63,56,rectangle
98,98,square
78,78,square
45,57,rectangle
44,70,rectangle
56,56,square
61,61,square
47,4,rectangle
24,20,rectangle
69,69,square
88,41,rectangle
13,57,rectangle
70,34,rectangle
92,92,square
59,45,rectangle
90,90,square
31,31,square
14,13,rectangle
97,97,square
6,6,square
56,56,square
56,27,rectangle
64,64,square
48,48,square
21,21,square
92,23,rectangle
89,14,rectangle
40,24,rectangle
45,45,square
33,14,rectangle
38,38,square
22,22,square
52,49,rectangle
86,51,rectangle
77,77,square
76,76,square
95,97,rectangle
80,80,square
89,30,rectangle
11,11,square
12,95,rectangle
27,88,rectangle
39,5,rectangle
11,11,square
82,53,rectangle
63,87,rectangle
88,88,square
100,48,rectangle
8,8,square
68,43,rectangle
72,72,square
35,35,square
30,30,square
17,17,square
7,42,rectangle
90,53,rectangle
46,77,rectangle
23,23,square
92,72,rectangle
36,99,rectangle
6,5,rectangle
96,36,rectangle
15,9,rectangle
96,96,square
29,29,square
97,97,square
56,56,square
20,20,square
70,90,rectangle
1,1,square
19,19,square
50,50,square
36,36,square
33,33,square
60,60,square
23,23,square
98,40,rectangle
88,48,rectangle
16,16,square
63,88,rectangle
16,16,square
78,78,square
83,69,rectangle
72,72,square
86,86,square
80,80,square
93,96,rectangle
89,89,square
43,43,square
48,48,square
91,41,rectangle
32,32,square
12,2,rectangle
32,32,square
79,79,square
17,17,square
52,52,square
63,6,rectangle
29,29,square
16,28,rectangle
39,53,rectangle
48,48,square
48,48,square
1,25,rectangle
58,58,square
3,3,square
65,65,square
79,79,square
44,28,rectangle
7,7,square
22,22,square
62,57,rectangle
36,4,rectangle
72,72,square
29,29,square
76,32,rectangle
67,37,rectangle
100,100,square
34,34,square
4,22,rectangle
89,36,rectangle
22,22,square
25,25,square
52,53,rectangle
32,32,square
56,57,rectangle
24,33,rectangle
67,20,rectangle
49,49,square
20,70,rectangle
90,80,rectangle
3,3,square
63,99,rectangle
79,46,rectangle
6,6,square
56,39,rectangle
21,21,square
16,16,square
83,81,rectangle
89,60,rectangle
32,33,rectangle
67,9,rectangle
2,89,rectangle
34,34,square
89,65,rectangle
23,36,rectangle
46,46,square
59,59,square
92,92,square
47,56,rectangle
70,99,rectangle
75,32,rectangle
32,27,rectangle
85,87,rectangle
12,12,square
40,40,square
51,49,rectangle
82,63,rectangle
84,31,rectangle
9,9,square
100,100,square
35,18,rectangle
43,92,rectangle
85,42,rectangle
93,93,square
2,55,rectangle
98,98,square
93,87,rectangle
88,88,square
43,43,square
36,36,square
56,56,square
16,86,rectangle
92,67,rectangle
81,81,square
28,28,square
87,4,rectangle
26,63,rectangle
46,57,rectangle
36,36,square
71,56,rectangle
78,78,square
48,10,rectangle
12,12,square
83,90,rectangle
57,11,rectangle
99,99,square
9,90,rectangle
100,100,square
6,6,square
73,1,rectangle
83,56,rectangle
67,53,rectangle
92,92,square
56,47,rectangle
44,44,square
73,73,square
19,83,rectangle
23,23,square
12,12,square
33,33,square
29,23,rectangle
83,83,square
32,97,rectangle
24,9,rectangle
90,90,square
5,5,square
7,7,square
49,37,rectangle
48,4,rectangle
53,53,square
56,73,rectangle
8,8,square
2,2,square
43,43,square
2,2,square
45,66,rectangle
25,25,square
93,53,rectangle
22,22,square
3,7,rectangle
39,84,rectangle
87,15,rectangle
86,56,rectangle
94,94,square
24,90,rectangle
29,49,rectangle
12,12,square
11,11,square
100,100,square
5,18,rectangle
52,38,rectangle
34,77,rectangle
18,18,square
8,8,square
90,45,rectangle
3,3,square
72,72,square
82,21,rectangle
14,7,rectangle
89,99,rectangle
82,33,rectangle
11,61,rectangle
24,24,square
74,74,square
53,90,rectangle
11,11,square
81,81,square
35,35,square
100,100,square
36,99,rectangle
64,12,rectangle
81,81,square
100,100,square
59,17,rectangle
59,80,rectangle
27,27,square
79,49,rectangle
92,60,rectangle
68,68,square
72,86,rectangle
7,62,rectangle
76,76,square
72,72,square
22,68,rectangle
97,76,rectangle
44,44,square
26,28,rectangle
30,68,rectangle
11,11,square
85,89,rectangle
46,46,square
43,43,square
81,87,rectangle
75,75,square
85,85,square
68,86,rectangle
34,34,square
16,54,rectangle
68,13,rectangle
89,89,square
35,2,rectangle
85,85,square
43,69,rectangle
18,18,square
61,61,square
80,98,rectangle
56,56,square
33,29,rectangle
90,90,square
22,23,rectangle
13,17,rectangle
18,18,square
81,81,square
30,43,rectangle
12,63,rectangle
16,16,square
83,100,rectangle
35,35,square
90,45,rectangle
44,83,rectangle
31,22,rectangle
77,77,square
41,17,rectangle
75,75,square
7,7,square
32,1,rectangle
59,59,square
13,88,rectangle
9,9,square
83,83,square
84,12,rectangle
91,91,square
53,16,rectangle
60,60,square
52,48,rectangle
56,61,rectangle
56,36,rectangle
9,9,square
100,100,square
47,47,square
32,24,rectangle
70,33,rectangle
9,9,square
60,96,rectangle
19,43,rectangle
70,29,rectangle
84,17,rectangle
8,19,rectangle
29,76,rectangle
49,49,square
24,24,square
83,96,rectangle
34,34,square
92,92,square
10,10,square
80,80,square
4,4,square
25,25,square
64,64,square
22,18,rectangle
32,32,square
38,38,square
41,77,rectangle
41,41,square
83,83,square
20,20,square
20,20,square
34,34,square
27,27,square
14,14,square
32,41,rectangle
89,7,rectangle
48,48,square
98,88,rectangle
64,57,rectangle
41,41,square
41,41,square
2,2,square
64,64,square
56,32,rectangle
64,64,square
72,36,rectangle
57,67,rectangle
96,96,square
70,9,rectangle
89,62,rectangle
21,21,square
44,26,rectangle
73,73,square
94,11,rectangle
36,92,rectangle
9,62,rectangle
11,1,rectangle
9,9,square
100,100,square
94,59,rectangle
87,32,rectangle
96,38,rectangle
3,3,square
48,48,square
15,15,square
18,18,square
7,97,rectangle
100,37,rectangle
72,52,rectangle
83,83,square
47,47,square
68,69,rectangle
32,13,rectangle
78,78,square
62,86,rectangle
13,18,rectangle
42,38,rectangle
2,2,square
46,46,square
90,45,rectangle
17,17,square
85,23,rectangle
94,94,square
68,68,square
11,11,square
60,60,square
71,71,square
15,15,square
81,81,square
42,2,rectangle
75,25,rectangle
63,63,square
21,76,rectangle
29,29,square
27,27,square
37,37,square
74,74,square
86,86,square
34,34,square
50,6,rectangle
70,70,square
37,37,square
81,81,square
30,77,rectangle
76,76,square
78,78,square
79,79,square
83,8,rectangle
34,82,rectangle
90,57,rectangle
37,37,square
27,27,square
87,98,rectangle
10,6,rectangle
47,47,square
20,20,square
79,85,rectangle
37,37,square
78,58,rectangle
69,69,square
80,38,rectangle
63,91,rectangle
10,10,square
100,58,rectangle
68,78,rectangle
100,100,square
45,76,rectangle
60,56,rectangle
51,51,square
5,5,square
83,83,square
30,30,square
38,38,square
95,95,square
39,39,square
16,11,rectangle
54,54,square
76,69,rectangle
91,91,square
82,97,rectangle
54,57,rectangle
84,9,rectangle
57,62,rectangle
39,39,square
86,40,rectangle
88,88,square
63,63,square
22,22,square
52,41,rectangle
80,80,square
24,79,rectangle
31,1,rectangle
29,29,square
62,1,rectangle
63,63,square
45,45,square
32,32,square
88,88,square
3,23,rectangle
92,24,rectangle
15,49,rectangle
93,93,square
65,96,rectangle
31,31,square
100,55,rectangle
81,81,square
38,38,square
42,71,rectangle
22,91,rectangle
15,72,rectangle
25,25,square
52,12,rectangle
36,36,square
18,63,rectangle
67,67,square
85,53,rectangle
19,19,square
34,34,square
89,12,rectangle
10,10,square
31,39,rectangle
53,84,rectangle
18,18,square
57,57,square
8,82,rectangle
57,20,rectangle
26,26,square
31,7,rectangle
46,46,square
55,71,rectangle
86,74,rectangle
30,30,square
48,48,square
89,89,square
91,94,rectangle
27,61,rectangle
95,95,square
78,78,square
29,29,square
6,23,rectangle
88,88,square
20,70,rectangle
60,60,square
15,15,square
38,38,square
35,35,square
67,67,square
3,69,rectangle
98,48,rectangle
9,9,square
48,48,square
12,31,rectangle
26,28,rectangle
66,66,square
61,61,square
92,53,rectangle
99,9,rectangle
74,41,rectangle
9,9,square
1,84,rectangle
29,4,rectangle
81,76,rectangle
46,46,square
28,78,rectangle
26,19,rectangle
68,21,rectangle
66,16,rectangle
46,46,square
4,12,rectangle
62,95,rectangle
39,39,square
11,74,rectangle
95,95,square
20,20,square
36,36,square
94,94,square
79,75,rectangle
2,2,square
33,33,square
52,52,square
70,64,rectangle
57,57,square
77,77,square
62,83,rectangle
28,81,rectangle
47,47,square
93,93,square
100,78,rectangle
87,28,rectangle
11,11,square
39,1,rectangle
23,23,square
68,68,square
4,4,square
94,94,square
1,1,square
66,11,rectangle
95,47,rectangle
96,47,rectangle
93,93,square
43,43,square
12,12,square
77,81,rectangle
26,26,square
76,77,rectangle
94,99,rectangle
44,44,square
91,42,rectangle
81,81,square
54,69,rectangle
15,75,rectangle
58,58,square
71,76,rectangle
67,67,square
70,70,square
99,99,square
69,91,rectangle
1,56,rectangle
26,26,square
74,74,square
26,81,rectangle
6,6,square
49,14,rectangle
36,36,square
42,54,rectangle
7,98,rectangle
19,19,square
72,72,square
76,8,rectangle
14,14,square
93,45,rectangle
47,47,square
78,78,square
62,62,square
53,53,square
71,38,rectangle
90,90,square
24,24,square
68,77,rectangle
96,96,square
22,48,rectangle
9,65,rectangle
99,99,square
25,25,square
63,98,rectangle
2,27,rectangle
71,46,rectangle
94,97,rectangle
43,25,rectangle
25,25,square
13,45,rectangle
39,40,rectangle
30,30,square
87,87,square
69,62,rectangle
45,56,rectangle
82,18,rectangle
53,49,rectangle
20,33,rectangle
17,17,square
23,97,rectangle
11,39,rectangle
36,16,rectangle
62,80,rectangle
100,100,square
73,73,square
97,70,rectangle
87,87,square
50,50,square
36,36,square
98,90,rectangle
75,75,square
45,45,square
12,25,rectangle
84,84,square
96,82,rectangle
17,36,rectangle
69,69,square
61,42,rectangle
9,9,square
6,90,rectangle
32,32,square
35,35,square
22,54,rectangle
7,7,square
33,34,rectangle
19,19,square
87,87,square
15,15,square
70,70,square
67,67,square
68,68,square
19,19,square
16,31,rectangle
65,24,rectangle
3,3,square
88,60,rectangle
52,57,rectangle
29,29,square
75,1,rectangle
48,21,rectangle
34,40,rectangle
65,94,rectangle
94,94,square
95,95,square
46,37,rectangle
71,71,square
95,95,square
78,78,square
73,84,rectangle
96,9,rectangle
37,37,square
86,80,rectangle
35,35,square
24,24,square
50,50,square
14,14,square
26,26,square
13,13,square
86,86,square
96,96,square
66,66,square
2,15,rectangle
77,93,rectangle
81,76,rectangle
53,67,rectangle
14,14,square
92,10,rectangle
19,19,square
93,50,rectangle
29,96,rectangle
46,46,square
46,100,rectangle
63,68,rectangle
1,1,square
73,48,rectangle
53,63,rectangle
4,32,rectangle
90,57,rectangle
19,77,rectangle
58,64,rectangle
25,13,rectangle
26,26,square
19,19,square
70,70,square
75,75,square
88,54,rectangle
23,73,rectangle
81,34,rectangle
28,15,rectangle
14,14,square
57,47,rectangle
24,24,square
57,57,square
31,31,square
74,62,rectangle
42,42,square
24,93,rectangle
96,96,square
55,90,rectangle
50,65,rectangle
95,95,square
7,88,rectangle
73,73,square
55,55,square
37,24,rectangle
100,2,rectangle
25,8,rectangle
59,72,rectangle
8,13,rectangle
8,92,rectangle
92,93,rectangle
49,49,square
26,86,rectangle
56,44,rectangle
74,74,square
50,67,rectangle
68,68,square
78,78,square
14,16,rectangle
8,54,rectangle
15,88,rectangle
62,21,rectangle
65,65,square
60,30,rectangle
73,13,rectangle
91,78,rectangle
95,95,square
15,15,square
90,90,square
59,59,square
20,20,square
94,8,rectangle
95,10,rectangle
40,40,square
47,38,rectangle
18,18,square
31,87,rectangle
76,7,rectangle
26,62,rectangle
38,38,square
76,76,square
72,20,rectangle
5,50,rectangle
95,95,square
50,50,square
71,71,square
1,95,rectangle
8,8,square
36,36,square
9,88,rectangle
72,16,rectangle
58,18,rectangle
68,68,square
81,81,square
11,8,rectangle
79,79,square
47,47,square
61,61,square
1,1,square
9,8,rectangle
71,15,rectangle
24,9,rectangle
17,17,square
94,52,rectangle
4,94,rectangle
65,73,rectangle
85,3,rectangle
30,30,square
7,7,square
53,53,square
86,86,square
61,61,square
79,76,rectangle
63,63,square
42,42,square
1,3,rectangle
76,88,rectangle
10,10,square
91,91,square
89,89,square
90,90,square
46,99,rectangle
87,87,square
47,89,rectangle
80,80,square
21,21,square
7,7,square
4,4,square
33,33,square
90,90,square
12,5,rectangle
58,58,square
95,95,square
56,56,square
7,80,rectangle
30,30,square
26,34,rectangle
86,86,square
92,92,square
56,56,square
24,62,rectangle
76,76,square
73,67,rectangle
69,69,square
5,5,square
50,50,square
50,50,square
52,98,rectangle
50,35,rectangle
5,5,square
72,72,square
52,52,square
66,65,rectangle
35,35,square
51,99,rectangle
83,83,square
51,3,rectangle
48,48,square
7,17,rectangle
91,91,square
22,42,rectangle
18,18,square
15,63,rectangle
21,21,square
72,56,rectangle
26,46,rectangle
67,67,square
83,40,rectangle
86,86,square
59,59,square
57,72,rectangle
15,15,square
2,2,square
88,88,square
66,78,rectangle
25,40,rectangle
92,92,square
40,50,rectangle
17,17,square
66,59,rectangle
90,90,square
84,77,rectangle
85,85,square
58,58,square
35,6,rectangle
84,84,square
98,7,rectangle
14,14,square
87,9,rectangle
17,17,square
51,100,rectangle
14,14,square
25,42,rectangle
95,95,square
36,36,square
79,79,square
47,42,rectangle
13,100,rectangle
51,51,square
66,66,square
9,94,rectangle
86,47,rectangle
56,24,rectangle
84,40,rectangle
17,17,square
56,93,rectangle
52,45,rectangle
21,48,rectangle
5,5,square
40,40,square
10,52,rectangle
80,80,square
71,71,square
72,72,square
74,72,rectangle
44,44,square
18,88,rectangle
94,41,rectangle
34,68,rectangle
89,35,rectangle
55,55,square
10,10,square
41,41,square
84,84,square
87,88,rectangle
35,34,rectangle
31,39,rectangle
43,18,rectangle
18,68,rectangle
43,59,rectangle
8,8,square
17,52,rectangle
79,2,rectangle
67,64,rectangle
21,8,rectangle
64,67,rectangle
84,84,square
84,84,square
86,35,rectangle
5,5,square
43,61,rectangle
3,43,rectangle
51,75,rectangle
67,67,square
36,36,square
39,39,square
51,51,square
36,36,square
8,8,square
63,63,square
23,80,rectangle
84,84,square
13,13,square
99,99,square
73,20,rectangle
30,91,rectangle
41,21,rectangle
82,82,square
14,14,square
45,66,rectangle
53,50,rectangle
3,46,rectangle
66,22,rectangle
73,73,square
38,89,rectangle
95,95,square
70,70,square
2,40,rectangle
82,82,square
33,33,square
54,51,rectangle
48,48,square
88,76,rectangle
26,46,rectangle
26,13,rectangle
40,5,rectangle
15,100,rectangle
32,100,rectangle
52,52,square
78,78,square
12,12,square
47,47,square
46,46,square
95,78,rectangle
26,26,square
40,40,square
25,13,rectangle
18,18,square
16,16,square
37,60,rectangle
16,22,rectangle
50,63,rectangle
91,91,square
65,69,rectangle
50,50,square
57,62,rectangle
94,94,square
62,62,square
35,73,rectangle
5,5,square
94,94,square
64,64,square
86,28,rectangle
81,81,square
64,64,square
5,32,rectangle
96,2,rectangle
7,7,square
37,37,square
34,34,square
89,84,rectangle
18,18,square
4,4,square
70,96,rectangle
21,21,square
27,70,rectangle
56,63,rectangle
85,22,rectangle
94,79,rectangle
56,95,rectangle
91,16,rectangle
37,37,square
95,45,rectangle
74,87,rectangle
66,53,rectangle
77,44,rectangle
94,94,square
44,44,square
13,74,rectangle
83,95,rectangle
69,69,square
77,42,rectangle
51,51,square
89,59,rectangle
10,10,square
62,62,square
1,79,rectangle
35,91,rectangle
23,23,square
58,58,square
87,45,rectangle
12,12,square
40,40,square
92,77,rectangle
40,20,rectangle
50,83,rectangle
71,11,rectangle
11,11,square
73,73,square
13,13,square
46,25,rectangle
59,1,rectangle
22,22,square
46,46,square
91,91,square
56,18,rectangle
45,3,rectangle
88,57,rectangle
67,38,rectangle
25,25,square
79,33,rectangle
19,19,square
54,74,rectangle
8,8,square
71,92,rectangle
1,1,square
17,26,rectangle
28,62,rectangle
42,16,rectangle
82,28,rectangle
91,82,rectangle
95,95,square
5,48,rectangle
64,28,rectangle
11,39,rectangle
76,76,square
92,50,rectangle
25,25,square
53,53,square
46,74,rectangle
26,26,square
38,70,rectangle
47,27,rectangle
84,84,square
18,18,square
68,68,square
22,22,square
45,45,square
25,25,square
53,53,square
20,20,square
35,42,rectangle
68,68,square
61,61,square
62,62,square
18,63,rectangle
23,8,rectangle
23,23,square
61,56,rectangle
33,65,rectangle
14,75,rectangle
91,43,rectangle
47,47,square
63,96,rectangle
13,13,square
47,47,square
92,60,rectangle
35,13,rectangle
63,63,square
56,56,square
90,90,square
20,27,rectangle
82,82,square
68,28,rectangle
95,95,square
46,22,rectangle
35,84,rectangle
50,31,rectangle
96,96,square
27,7,rectangle
90,90,square
1,91,rectangle
63,61,rectangle
22,52,rectangle
13,13,square
24,55,rectangle
46,40,rectangle
81,81,square
2,88,rectangle
93,93,square
42,42,square
78,78,square
96,7,rectangle
11,11,square
99,99,square
64,22,rectangle
72,83,rectangle
74,74,square
31,24,rectangle
37,43,rectangle
99,27,rectangle
38,8,rectangle
46,53,rectangle
8,74,rectangle
41,91,rectangle
66,66,square
88,38,rectangle
16,16,square
5,5,square
96,96,square
43,11,rectangle
62,62,square
69,86,rectangle
42,42,square
24,74,rectangle
6,100,rectangle
48,28,rectangle
93,1,rectangle
8,10,rectangle
36,36,square
53,70,rectangle
28,28,square
97,97,square
75,75,square
55,81,rectangle
39,64,rectangle
19,9,rectangle
54,54,square
89,57,rectangle
61,61,square
41,35,rectangle
6,6,square
47,53,rectangle
16,16,square
37,6,rectangle
41,41,square
72,72,square
6,29,rectangle
100,100,square
75,75,square
51,51,square
28,28,square
63,34,rectangle
34,80,rectangle
31,31,square
40,7,rectangle
23,77,rectangle
47,47,square
86,86,square
30,30,square
87,58,rectangle
13,13,square
100,8,rectangle
3,85,rectangle
25,25,square
32,32,square
68,68,square
10,46,rectangle
43,13,rectangle
37,7,rectangle
74,74,square
92,84,rectangle
74,4,rectangle
72,53,rectangle
80,80,square
58,58,square
66,50,rectangle
30,96,rectangle
80,42,rectangle
64,64,square
4,18,rectangle
98,98,square
75,75,square
70,88,rectangle
68,13,rectangle
88,27,rectangle
1,80,rectangle
83,83,square
75,75,square
41,64,rectangle
2,8,rectangle
100,50,rectangle
94,48,rectangle
69,25,rectangle
37,95,rectangle
87,44,rectangle
52,22,rectangle
38,38,square
1,1,square
93,20,rectangle
60,60,square
70,70,square
100,100,square
27,27,square
59,59,square
34,34,square
2,52,rectangle
1,1,square
16,65,rectangle
29,69,rectangle
75,75,square
51,68,rectangle
60,1,rectangle
30,30,square
21,6,rectangle
1,1,square
32,43,rectangle
93,93,square
58,58,square
92,92,square
1,1,square
81,15,rectangle
96,96,square
44,7,rectangle
83,75,rectangle
96,96,square
66,41,rectangle
92,17,rectangle
18,94,rectangle
68,64,rectangle
81,41,rectangle
17,48,rectangle
82,20,rectangle
87,53,rectangle
80,20,rectangle
59,59,square
93,93,square
12,12,square
41,74,rectangle
13,9,rectangle
48,26,rectangle
38,13,rectangle
16,15,rectangle
96,60,rectangle
54,54,square
33,33,square
4,4,square
17,17,square
86,92,rectangle
20,10,rectangle
22,86,rectangle
18,19,rectangle
25,25,square
21,33,rectangle
83,31,rectangle
59,37,rectangle
37,37,square
47,47,square
78,78,square
49,85,rectangle
22,64,rectangle
69,83,rectangle
24,73,rectangle
16,83,rectangle
25,25,square
44,19,rectangle
23,23,square
88,20,rectangle
85,10,rectangle
19,10,rectangle
78,78,square
76,17,rectangle
28,28,square
21,21,square
33,42,rectangle
67,67,square
99,99,square
99,99,square
2,2,square
55,5,rectangle
77,61,rectangle
42,42,square
6,22,rectangle
9,9,square
86,84,rectangle
55,55,square
1,1,square
61,61,square
64,27,rectangle
100,46,rectangle
3,19,rectangle
95,95,square
99,4,rectangle
72,72,square
92,92,square
93,52,rectangle
32,88,rectangle
99,82,rectangle
73,1,rectangle
89,89,square
16,16,square
71,79,rectangle
27,27,square
20,69,rectangle
57,57,square
65,65,square
87,5,rectangle
14,77,rectangle
82,82,square
17,83,rectangle
22,37,rectangle
31,31,square
5,5,square
5,55,rectangle
49,49,square
98,44,rectangle
78,11,rectangle
67,67,square
68,68,square
25,25,square
82,23,rectangle
53,30,rectangle
64,12,rectangle
44,44,square
57,80,rectangle
41,43,rectangle
88,88,square
8,8,square
43,24,rectangle
26,3,rectangle
41,41,square
97,97,square
51,34,rectangle
7,7,square
86,86,square
20,20,square
28,28,square
67,67,square
6,18,rectangle
54,54,square
49,49,square
18,18,square
14,16,rectangle
82,82,square
52,52,square
1,1,square
43,43,square
10,10,square
25,25,square
95,21,rectangle
14,14,square
33,33,square
82,84,rectangle
23,80,rectangle
91,91,square
17,17,square
3,23,rectangle
60,13,rectangle
82,82,square
41,41,square
97,97,square
49,49,square
60,75,rectangle
96,96,square
92,92,square
81,81,square
25,2,rectangle
32,32,square
97,16,rectangle
10,71,rectangle
39,74,rectangle
60,60,square
47,66,rectangle
21,56,rectangle
74,74,square
71,95,rectangle
26,56,rectangle
31,31,square
30,30,square
61,61,square
67,67,square
64,99,rectangle
6,18,rectangle
28,28,square
14,59,rectangle
31,31,square
1,54,rectangle
26,26,square
88,39,rectangle
19,19,square
40,39,rectangle
23,72,rectangle
14,54,rectangle
41,41,square
56,16,rectangle
98,98,square
63,67,rectangle
62,77,rectangle
89,32,rectangle
98,84,rectangle
14,78,rectangle
89,94,rectangle
33,18,rectangle
6,6,square
61,61,square
85,63,rectangle
28,93,rectangle
19,99,rectangle
8,8,square
73,73,square
34,39,rectangle
46,46,square
100,95,rectangle
87,87,square
98,98,square
46,87,rectangle
8,14,rectangle
98,98,square
20,20,square
46,27,rectangle
69,69,square
67,67,square
81,81,square
53,26,rectangle
20,19,rectangle
14,43,rectangle
31,31,square
52,81,rectangle
17,11,rectangle
19,37,rectangle
7,7,square
89,71,rectangle
57,57,square
87,87,square
35,55,rectangle
57,91,rectangle
18,18,square
44,37,rectangle
31,67,rectangle
38,4,rectangle
1,1,square
29,29,square
14,14,square
93,72,rectangle
60,60,square
49,49,square
68,68,square
65,65,square
68,68,square
32,36,rectangle
56,56,square
18,30,rectangle
29,24,rectangle
54,54,square
76,76,square
28,100,rectangle
58,58,square
100,56,rectangle
76,30,rectangle
28,28,square
10,10,square
41,13,rectangle
93,86,rectangle
67,67,square
5,81,rectangle
91,91,square
18,90,rectangle
6,84,rectangle
79,51,rectangle
58,58,square
91,91,square
85,85,square
35,6,rectangle
26,95,rectangle
57,67,rectangle
12,12,square
35,35,square
2,18,rectangle
73,73,square
22,37,rectangle
47,20,rectangle
59,59,square
58,68,rectangle
29,83,rectangle
67,67,square
34,34,square
70,70,square
87,23,rectangle
40,40,square
87,87,square
71,71,square
4,4,square
83,100,rectangle
100,49,rectangle
39,39,square
86,40,rectangle
36,92,rectangle
70,14,rectangle
20,60,rectangle
75,56,rectangle
41,51,rectangle
100,64,rectangle
17,17,square
1,18,rectangle
76,76,square
24,24,square
70,51,rectangle
55,89,rectangle
37,36,rectangle
97,68,rectangle
15,21,rectangle
29,74,rectangle
33,80,rectangle
82,97,rectangle
3,40,rectangle
3,97,rectangle
33,33,square
11,39,rectangle
60,60,square
90,90,square
17,17,square
43,39,rectangle
26,26,square
43,43,square
74,74,square
27,1,rectangle
80,80,square
19,19,square
88,75,rectangle
14,14,square
95,100,rectangle
28,28,square
9,9,square
36,71,rectangle
84,84,square
95,34,rectangle
79,28,rectangle
45,7,rectangle
37,37,square
21,21,square
2,30,rectangle
19,71,rectangle
37,37,square
12,37,rectangle
21,5,rectangle
6,6,square
99,91,rectangle
58,78,rectangle
36,78,rectangle
20,20,square
74,72,rectangle
18,18,square
58,58,square
33,33,square
68,68,square
92,88,rectangle
50,77,rectangle
19,19,square
43,43,square
65,65,square
79,79,square
83,83,square
48,77,rectangle
19,19,square
76,76,square
32,32,square
9,9,square
12,42,rectangle
85,23,rectangle
94,5,rectangle
82,82,square
44,88,rectangle
26,31,rectangle
55,92,rectangle
41,41,square
39,60,rectangle
54,54,square
54,4,rectangle
7,7,square
10,22,rectangle
86,89,rectangle
73,73,square
31,64,rectangle
69,69,square
37,90,rectangle
25,87,rectangle
36,36,square
83,53,rectangle
57,27,rectangle
60,60,square
58,96,rectangle
48,48,square
87,87,square
77,14,rectangle
15,15,square
76,79,rectangle
2,2,square
38,49,rectangle
75,77,rectangle
20,100,rectangle
50,50,square
97,12,rectangle
25,16,rectangle
29,8,rectangle
51,53,rectangle
51,65,rectangle
19,19,square
97,97,square
60,22,rectangle
5,5,square
27,67,rectangle
96,98,rectangle
57,57,square
93,93,square
78,78,square
5,5,square
86,77,rectangle
99,99,square
99,16,rectangle
40,40,square
93,37,rectangle
37,9,rectangle
17,23,rectangle
43,87,rectangle
69,69,square
95,95,square
52,45,rectangle
31,9,rectangle
32,60,rectangle
16,16,square
70,40,rectangle
62,62,square
42,42,square
80,46,rectangle
3,3,square
89,89,square
70,70,square
4,4,square
9,9,square
17,79,rectangle
47,47,square
56,56,square
62,88,rectangle
76,54,rectangle
16,16,square
20,20,square
16,47,rectangle
20,70,rectangle
43,39,rectangle
29,29,square
58,70,rectangle
52,46,rectangle
8,78,rectangle
80,60,rectangle
12,12,square
13,13,square
66,66,square
90,90,square
49,49,square
6,69,rectangle
74,65,rectangle
2,29,rectangle
70,70,square
5,5,square
80,34,rectangle
92,76,rectangle
54,54,square
82,94,rectangle
64,40,rectangle
34,34,square
71,98,rectangle
12,12,square
11,9,rectangle
29,9,rectangle
41,41,square
67,90,rectangle
65,88,rectangle
14,14,square
3,83,rectangle
56,8,rectangle
6,6,square
63,63,square
14,84,rectangle
22,22,square
64,63,rectangle
20,22,rectangle
60,60,square
76,76,square
50,50,square
49,61,rectangle
71,71,square
72,99,rectangle
14,49,rectangle
65,34,rectangle
96,38,rectangle
24,49,rectangle
95,95,square
64,48,rectangle
81,81,square
26,52,rectangle
42,42,square
88,88,square
7,93,rectangle
16,1,rectangle
47,47,square
27,85,rectangle
54,54,square
41,73,rectangle
50,87,rectangle
10,6,rectangle
11,54,rectangle
98,76,rectangle
91,91,square
24,24,square
42,42,square
43,99,rectangle
26,26,square
64,64,square
22,82,rectangle
58,47,rectangle
72,98,rectangle
2,2,square
60,60,square
57,57,square
13,67,rectangle
34,29,rectangle
60,60,square
33,96,rectangle
86,72,rectangle
52,52,square
55,63,rectangle
46,46,square
99,8,rectangle
69,69,square
37,54,rectangle
95,56,rectangle
55,55,square
26,96,rectangle
58,58,square
6,23,rectangle
97,1,rectangle
28,28,square
52,52,square
49,63,rectangle
14,14,square
68,40,rectangle
33,100,rectangle
5,13,rectangle
50,51,rectangle
60,24,rectangle
64,53,rectangle
80,80,square
23,89,rectangle
81,81,square
95,100,rectangle
17,17,square
38,62,rectangle
82,82,square
54,31,rectangle
3,37,rectangle
94,94,square
74,74,square
95,95,square
14,49,rectangle
75,75,square
94,94,square
44,11,rectangle
93,93,square
6,6,square
100,100,square
86,12,rectangle
66,66,square
31,31,square
18,18,square
18,18,square
42,42,square
94,63,rectangle
87,87,square
27,27,square
19,94,rectangle
95,95,square
33,24,rectangle
94,94,square
33,33,square
98,14,rectangle
91,91,square
87,87,square
30,72,rectangle
44,44,square
60,60,square
21,21,square
55,17,rectangle
61,10,rectangle
25,25,square
53,53,square
77,77,square
73,73,square
90,90,square
44,44,square
95,95,square
7,7,square
58,41,rectangle
64,41,rectangle
17,17,square
64,12,rectangle
62,81,rectangle
24,82,rectangle
12,92,rectangle
34,47,rectangle
8,70,rectangle
7,7,square
74,37,rectangle
67,67,square
45,46,rectangle
52,52,square
97,97,square
28,24,rectangle
92,13,rectangle
65,65,square
39,39,square
36,9,rectangle
35,35,square
83,83,square
83,73,rectangle
26,20,rectangle
33,33,square
23,23,square
71,74,rectangle
44,20,rectangle
34,34,square
78,50,rectangle
93,9,rectangle
34,34,square
80,80,square
7,84,rectangle
60,32,rectangle
21,81,rectangle
65,65,square
65,65,square
46,46,square
47,47,square
54,41,rectangle
55,55,square
55,55,square
39,39,square
84,51,rectangle
73,33,rectangle
41,41,square
48,48,square
46,10,rectangle
96,95,rectangle
54,54,square
7,7,square
27,8,rectangle
4,4,square
66,66,square
80,62,rectangle
73,63,rectangle
56,48,rectangle
10,3,rectangle
84,84,square
63,63,square
88,70,rectangle
98,77,rectangle
6,81,rectangle
100,8,rectangle
91,91,square
99,99,square
26,26,square
41,74,rectangle
12,63,rectangle
40,40,square
81,81,square
47,40,rectangle
79,19,rectangle
91,80,rectangle
8,8,square
70,28,rectangle
43,61,rectangle
99,97,rectangle
48,48,square
15,15,square
19,19,square
15,50,rectangle
65,65,square
59,28,rectangle
33,97,rectangle
2,97,rectangle
30,52,rectangle
57,57,square
87,46,rectangle
47,47,square
14,14,square
13,9,rectangle
19,59,rectangle
80,19,rectangle
47,47,square
50,80,rectangle
84,84,square
81,10,rectangle
25,93,rectangle
93,93,square
98,3,rectangle
82,82,square
30,40,rectangle
94,60,rectangle
21,39,rectangle
51,51,square
29,73,rectangle
92,30,rectangle
95,95,square
86,18,rectangle
72,72,square
41,35,rectangle
62,33,rectangle
1,34,rectangle
59,71,rectangle
41,41,square
38,96,rectangle
86,86,square
3,99,rectangle
97,97,square
12,12,square
100,100,square
39,5,rectangle
5,5,square
79,79,square
16,16,square
53,53,square
46,46,square
86,86,square
84,84,square
81,81,square
66,66,square
58,58,square
96,6,rectangle
69,24,rectangle
79,79,square
93,93,square
75,51,rectangle
54,54,square
92,92,square
55,55,square
50,50,square
19,19,square
76,76,square
2,2,square
20,20,square
1,1,square
69,65,rectangle
28,81,rectangle
98,98,square
25,33,rectangle
67,100,rectangle
56,17,rectangle
90,100,rectangle
45,45,square
75,10,rectangle
61,66,rectangle
78,55,rectangle
58,58,square
98,10,rectangle
82,52,rectangle
17,17,square
62,4,rectangle
81,81,square
23,23,square
63,90,rectangle
87,26,rectangle
35,84,rectangle
89,24,rectangle
23,23,square
90,10,rectangle
65,65,square
81,2,rectangle
78,97,rectangle
91,79,rectangle
62,62,square
62,62,square
72,98,rectangle
94,31,rectangle
46,46,square
25,21,rectangle
47,47,square
31,31,square
19,19,square
90,31,rectangle
62,62,square
9,9,square
16,97,rectangle
93,93,square
80,80,square
47,33,rectangle
3,3,square
67,67,square
43,43,square
18,18,square
15,15,square
64,64,square
77,77,square
79,38,rectangle
88,15,rectangle
87,87,square
100,100,square
54,67,rectangle
94,94,square
7,7,square
51,51,square
7,9,rectangle
98,18,rectangle
81,63,rectangle
14,90,rectangle
23,23,square
5,99,rectangle
10,10,square
71,71,square
26,26,square
67,79,rectangle
87,87,square
57,57,square
27,87,rectangle
55,56,rectangle
45,81,rectangle
8,8,square
51,91,rectangle
99,99,square
44,84,rectangle
86,78,rectangle
16,58,rectangle
19,19,square
94,10,rectangle
72,86,rectangle
94,30,rectangle
95,64,rectangle
16,16,square
11,68,rectangle
91,28,rectangle
31,30,rectangle
45,46,rectangle
99,99,square
26,44,rectangle
53,84,rectangle
95,95,square
85,85,square
45,79,rectangle
4,10,rectangle
29,74,rectangle
82,41,rectangle
1,82,rectangle
45,62,rectangle
96,96,square
61,10,rectangle
83,27,rectangle
41,100,rectangle
59,58,rectangle
29,41,rectangle
57,15,rectangle
5,28,rectangle
84,83,rectangle
69,15,rectangle
60,60,square
68,65,rectangle
45,89,rectangle
84,84,square
83,94,rectangle
2,24,rectangle
46,46,square
65,1,rectangle
64,64,square
17,8,rectangle
60,60,square
12,12,square
15,70,rectangle
89,10,rectangle
14,35,rectangle
63,26,rectangle
96,96,square
78,64,rectangle
47,47,square
56,56,square
77,77,square
67,67,square
92,92,square
82,15,rectangle
99,94,rectangle
67,67,square
40,71,rectangle
23,87,rectangle
45,88,rectangle
21,36,rectangle
39,90,rectangle
26,55,rectangle
25,15,rectangle
34,34,square
17,17,square
56,64,rectangle
70,60,rectangle
96,33,rectangle
71,71,square
7,7,square
80,2,rectangle
84,84,square
55,41,rectangle
18,16,rectangle
32,41,rectangle
89,43,rectangle
24,24,square
25,30,rectangle
95,95,square
80,64,rectangle
98,98,square
93,93,square
54,75,rectangle
20,20,square
99,88,rectangle
12,12,square
61,30,rectangle
35,35,square
71,71,square
64,64,square
28,28,square
89,89,square
28,28,square
69,69,square
24,12,rectangle
57,57,square
37,37,square
99,69,rectangle
34,34,square
10,95,rectangle
64,51,rectangle
54,27,rectangle
79,79,square
53,53,square
76,76,square
80,80,square
36,36,square
89,89,square
41,81,rectangle
67,4,rectangle
81,11,rectangle
53,53,square
71,35,rectangle
38,38,square
41,91,rectangle
74,17,rectangle
50,50,square
73,65,rectangle
87,87,square
22,60,rectangle
22,22,square
10,10,square
68,68,square
13,83,rectangle
64,82,rectangle
6,19,rectangle
32,95,rectangle
76,36,rectangle
81,42,rectangle
17,31,rectangle
17,14,rectangle
99,41,rectangle
51,51,square
96,96,square
45,45,square
20,20,square
25,22,rectangle
40,91,rectangle
44,44,square
88,81,rectangle
80,80,square
78,25,rectangle
12,12,square
5,95,rectangle
70,81,rectangle
25,49,rectangle
63,91,rectangle
81,32,rectangle
72,72,square
33,33,square
20,20,square
17,39,rectangle
60,85,rectangle
61,61,square
12,12,square
63,35,rectangle
34,97,rectangle
23,23,square
58,76,rectangle
20,20,square
87,87,square
30,30,square
93,93,square
19,14,rectangle
92,92,square
83,83,square
30,73,rectangle
19,19,square
67,67,square
94,27,rectangle
73,49,rectangle
11,11,square
41,41,square
5,5,square
58,24,rectangle
25,25,square
6,6,square
36,16,rectangle
41,88,rectangle
59,59,square
1,1,square
52,52,square
4,4,square
4,55,rectangle
97,97,square
92,51,rectangle
90,90,square
11,11,square
38,90,rectangle
50,50,square
18,18,square
59,59,square
36,32,rectangle
68,37,rectangle
98,62,rectangle
71,71,square
71,71,square
15,15,square
57,57,square
91,45,rectangle
41,41,square
2,2,square
99,99,square
48,41,rectangle
51,51,square
59,90,rectangle
66,77,rectangle
73,51,rectangle
46,71,rectangle
95,95,square
92,92,square
61,61,square
11,82,rectangle
55,32,rectangle
68,22,rectangle
99,99,square
63,63,square
79,79,square
80,67,rectangle
18,18,square
65,65,square
38,9,rectangle
72,96,rectangle
84,84,square
57,34,rectangle
9,9,square
65,52,rectangle
20,20,square
51,43,rectangle
46,46,square
60,60,square
60,60,square
79,99,rectangle
58,58,square
77,77,square
100,100,square
45,84,rectangle
2,70,rectangle
6,89,rectangle
99,99,square
13,55,rectangle
27,27,square
80,80,square
51,51,square
34,34,square
27,27,square
35,15,rectangle
42,35,rectangle
25,25,square
19,89,rectangle
91,71,rectangle
62,49,rectangle
58,41,rectangle
99,99,square
97,97,square
41,41,square
28,28,square
15,80,rectangle
26,16,rectangle
83,98,rectangle
77,77,square
33,33,square
75,75,square
86,86,square
90,30,rectangle
26,34,rectangle
33,33,square
50,50,square
46,46,square
29,98,rectangle
28,28,square
19,99,rectangle
81,4,rectangle
91,18,rectangle
1,7,rectangle
66,66,square
21,87,rectangle
67,67,square
80,80,square
80,94,rectangle
91,46,rectangle
55,12,rectangle
71,71,square
60,60,square
88,88,square
43,43,square
89,89,square
15,54,rectangle
17,17,square
54,54,square
94,74,rectangle
64,10,rectangle
88,89,rectangle
42,42,square
18,58,rectangle
45,22,rectangle
8,100,rectangle
46,46,square
1,67,rectangle
58,58,square
83,76,rectangle
97,33,rectangle
60,60,square
26,19,rectangle
92,92,square
98,98,square
62,62,square
40,40,square
4,4,square
60,32,rectangle
75,66,rectangle
56,56,square
30,30,square
54,51,rectangle
24,24,square
15,15,square
11,33,rectangle
44,77,rectangle
5,5,square
11,11,square
92,92,square
28,27,rectangle
63,30,rectangle
22,93,rectangle
26,26,square
88,88,square
50,50,square
31,31,square
48,7,rectangle
46,38,rectangle
75,75,square
51,51,square
13,13,square
18,34,rectangle
87,87,square
79,79,square
89,89,square
92,55,rectangle
59,10,rectangle
79,74,rectangle
7,7,square
17,17,square
10,1,rectangle
15,15,square
8,8,square
57,40,rectangle
99,42,rectangle
36,93,rectangle
14,42,rectangle
13,19,rectangle
34,14,rectangle
61,8,rectangle
98,98,square
92,24,rectangle
20,38,rectangle
27,16,rectangle
79,37,rectangle
89,15,rectangle
33,33,square
49,8,rectangle
89,88,rectangle
93,93,square
67,86,rectangle
98,98,square
39,51,rectangle
88,9,rectangle
82,85,rectangle
45,45,square
35,35,square
52,52,square
81,31,rectangle
18,13,rectangle
11,61,rectangle
39,41,rectangle
77,87,rectangle
4,4,square
78,78,square
4,4,square
4,40,rectangle
95,50,rectangle
4,17,rectangle
50,50,square
22,31,rectangle
7,92,rectangle
7,90,rectangle
3,23,rectangle
31,60,rectangle
96,96,square
45,16,rectangle
99,99,square
66,42,rectangle
30,30,square
32,32,square
10,10,square
5,89,rectangle
35,93,rectangle
25,20,rectangle
12,59,rectangle
47,24,rectangle
48,44,rectangle
38,38,square
33,20,rectangle
71,71,square
40,69,rectangle
34,47,rectangle
28,62,rectangle
9,74,rectangle
4,16,rectangle
69,69,square
58,58,square
28,68,rectangle
3,3,square
40,57,rectangle
85,72,rectangle
9,9,square
35,15,rectangle
50,97,rectangle
95,70,rectangle
12,12,square
6,18,rectangle
84,84,square
92,63,rectangle
41,91,rectangle
20,94,rectangle
67,79,rectangle
